Subject,Sequence,ML Score,MERCI Score (+ve),MERCI Score (-ve),Hybrid Score,Prediction,PPV
Seq_2,ATW,0.405,0,0,0.405,Toxin,0.373
Seq_3,AVF,0.285,0,0,0.285,Toxin,0.216
Seq_5,AVR,0.135,0,0,0.135,Toxin,0.02
Seq_6,AWH,0.56,0,0,0.56,Toxin,0.575
Seq_7,DAF,0.185,0,0,0.185,Toxin,0.085
Seq_8,DFA,0.21,0,0,0.21,Toxin,0.118
Seq_9,DLF,0.19,0,0,0.19,Toxin,0.092
Seq_10,DLL,0.42,0,0,0.42,Toxin,0.392
Seq_11,DGF,0.085,0,0,0.085,Non-Toxin,0
Seq_12,DLLR,0.42,0,0,0.42,Toxin,0.392
Seq_13,DLR,0.245,0,0,0.245,Toxin,0.164
Seq_14,DLY,0.245,0,0,0.245,Toxin,0.164
Seq_15,DSF,0.125,0,0,0.125,Toxin,0.007
Seq_16,EAAL,0.11,0,-0.5,0,Non-Toxin,0
Seq_17,EAF,0.29,0,0,0.29,Toxin,0.222
Seq_18,EAKR,0.315,0,0,0.315,Toxin,0.255
Seq_19,EAQ,0.15,0,0,0.15,Toxin,0.039
Seq_20,EELL,0.51,0,-0.5,0.01,Non-Toxin,0
Seq_21,EDLL,0.385,0,0,0.385,Toxin,0.347
Seq_22,EFL,0.355,0,0,0.355,Toxin,0.307
Seq_23,EETV,0.21,0,0,0.21,Toxin,0.118
Seq_24,EFR,0.42,0,0,0.42,Toxin,0.392
Seq_25,EHL,0.375,0,0,0.375,Toxin,0.334
Seq_27,EKF,0.41,0,0,0.41,Toxin,0.379
Seq_28,ELLW,0.5,0,-0.5,0,Non-Toxin,0
Seq_29,ELQ,0.235,0,0,0.235,Toxin,0.151
Seq_30,ELR,0.35,0,0,0.35,Toxin,0.301
Seq_31,EMV,0.285,0,0,0.285,Toxin,0.216
Seq_32,ETF,0.24,0,0,0.24,Toxin,0.157
Seq_33,ERF,0.205,0,0,0.205,Toxin,0.111
Seq_34,EWA,0.46,0,0,0.46,Toxin,0.445
Seq_35,EWV,0.355,0,0,0.355,Toxin,0.307
Seq_36,FAQ,0.21,0,0,0.21,Toxin,0.118
Seq_37,FEF,0.275,0,0,0.275,Toxin,0.203
Seq_38,FEFLK,0.385,0,0,0.385,Toxin,0.347
Seq_39,FEL,0.35,0,0,0.35,Toxin,0.301
Seq_40,FELL,0.39,0,-0.5,0,Non-Toxin,0
Seq_41,FHL,0.3,0,0,0.3,Toxin,0.235
Seq_42,FHS,0.175,0,0,0.175,Toxin,0.072
Seq_43,FLL,0.695,0,-0.5,0.195,Toxin,0.098
Seq_44,FKR,0.665,0,0,0.665,Toxin,0.713
Seq_45,FLER,0.23,0,0,0.23,Toxin,0.144
Seq_46,FLLK,0.895,0,-0.5,0.395,Toxin,0.36
Seq_47,FLM,0.3,0,0,0.3,Toxin,0.235
Seq_48,FLQ,0.25,0,0,0.25,Toxin,0.17
Seq_49,FPL,0.52,0,0,0.52,Toxin,0.523
Seq_50,FLR,0.205,0,0,0.205,Toxin,0.111
Seq_51,FLSR,0.445,0,0,0.445,Toxin,0.425
Seq_52,FQQ,0.125,0,0,0.125,Toxin,0.007
Seq_53,FRM,0.16,0,0,0.16,Toxin,0.053
Seq_54,FYL,0.17,0,0,0.17,Toxin,0.066
Seq_55,FRW,0.765,0,0,0.765,Toxin,0.843
Seq_56,FYLL,0.305,0,0,0.305,Toxin,0.242
Seq_57,GAF,0.24,0,0,0.24,Toxin,0.157
Seq_58,GAR,0.265,0,0,0.265,Toxin,0.19
Seq_59,GAW,0.54,0,0,0.54,Toxin,0.549
Seq_60,GELR,0.25,0,0,0.25,Toxin,0.17
Seq_61,GEW,0.515,0,0,0.515,Toxin,0.517
Seq_62,GFL,0.39,0,0,0.39,Toxin,0.353
Seq_63,GFY,0.15,0,0,0.15,Toxin,0.039
Seq_64,GFS,0.18,0,0,0.18,Toxin,0.079
Seq_65,GLL,0.48,0,0,0.48,Toxin,0.471
Seq_66,GGW,0.565,0,0,0.565,Toxin,0.582
Seq_67,GRL,0.46,0,0,0.46,Toxin,0.445
Seq_68,GVF,0.34,0,0,0.34,Toxin,0.288
Seq_69,HLLR,0.64,0,0,0.64,Toxin,0.68
Seq_70,HLL,0.58,0,0,0.58,Toxin,0.601
Seq_71,HRV,0.295,0,0,0.295,Toxin,0.229
Seq_72,KPP,0.485,0,0,0.485,Toxin,0.477
Seq_73,KLL,0.895,0,0,0.895,Toxin,1
Seq_74,GWG,0.6,0,0,0.6,Toxin,0.628
Seq_75,KLR,0.67,0,0,0.67,Toxin,0.719
Seq_76,KLF,0.725,0,0,0.725,Toxin,0.791
Seq_77,HFR,0.36,0,0,0.36,Toxin,0.314
Seq_78,KSF,0.385,0,0,0.385,Toxin,0.347
Seq_79,HRLL,0.65,0,-0.5,0.15,Toxin,0.039
Seq_80,KFR,0.645,0,0,0.645,Toxin,0.686
Seq_81,HGFP,0.32,0,0,0.32,Toxin,0.262
Seq_82,LADL,0.135,0,0,0.135,Toxin,0.02
Seq_83,KVL,0.63,0,0,0.63,Toxin,0.667
Seq_84,LAF,0.275,0,-0.5,0,Non-Toxin,0
Seq_85,LAM,0.21,0,0,0.21,Toxin,0.118
Seq_86,LAGL,0.33,0,0,0.33,Toxin,0.275
Seq_87,LAR,0.23,0,0,0.23,Toxin,0.144
Seq_88,LAW,0.485,0,0,0.485,Toxin,0.477
Seq_89,LDL,0.305,0,0,0.305,Toxin,0.242
Seq_90,LDM,0.26,0,0,0.26,Toxin,0.183
Seq_91,LDV,0.22,0,0,0.22,Toxin,0.131
Seq_92,LEKF,0.385,0,0,0.385,Toxin,0.347
Seq_93,LDLR,0.225,0,0,0.225,Toxin,0.137
Seq_94,LENL,0.265,0,0,0.265,Toxin,0.19
Seq_95,LEQ,0.24,0,0,0.24,Toxin,0.157
Seq_96,LFAF,0.235,0,0,0.235,Toxin,0.151
Seq_97,LFK,0.73,0,0,0.73,Toxin,0.798
Seq_98,LFL,0.345,0,-0.5,0,Non-Toxin,0
Seq_99,LFR,0.365,0,0,0.365,Toxin,0.32
Seq_100,LFY,0.22,0,0,0.22,Toxin,0.131
Seq_101,LFRL,0.43,0,0,0.43,Toxin,0.405
Seq_102,LGL,0.28,0,0,0.28,Toxin,0.209
Seq_103,LGF,0.29,0,0,0.29,Toxin,0.222
Seq_104,LGK,0.505,0,0,0.505,Toxin,0.503
Seq_105,LGR,0.4,0,0,0.4,Toxin,0.366
Seq_106,LHF,0.26,0,0,0.26,Toxin,0.183
Seq_107,LHK,0.485,0,0,0.485,Toxin,0.477
Seq_108,LHGL,0.37,0,0,0.37,Toxin,0.327
Seq_109,LHL,0.365,0,0,0.365,Toxin,0.32
Seq_110,LHLL,0.54,0,0,0.54,Toxin,0.549
Seq_111,LHKL,0.655,0,0,0.655,Toxin,0.699
Seq_112,LHQ,0.23,0,0,0.23,Toxin,0.144
Seq_113,LKF,0.785,0,0,0.785,Toxin,0.869
Seq_114,LHV,0.27,0,0,0.27,Toxin,0.196
Seq_115,LKH,0.74,0,0,0.74,Toxin,0.811
Seq_116,LKFL,0.805,0,0,0.805,Toxin,0.896
Seq_117,LKK,0.89,0,0,0.89,Toxin,1
Seq_120,LKW,0.885,0,0,0.885,Toxin,1
Seq_122,LKLR,0.78,0,0,0.78,Toxin,0.863
Seq_123,LKLL,0.975,0,0,0.975,Toxin,1
Seq_125,LLF,0.56,0,0,0.56,Toxin,0.575
Seq_126,LLFK,0.78,0,0,0.78,Toxin,0.863
Seq_127,LLGR,0.56,0,0,0.56,Toxin,0.575
Seq_128,LLH,0.515,0,0,0.515,Toxin,0.517
Seq_129,LLK,0.93,0,0,0.93,Toxin,1
Seq_132,LLKR,0.84,0,0,0.84,Toxin,0.941
Seq_133,LLNL,0.41,0,0,0.41,Toxin,0.379
Seq_134,LLR,0.685,0,0,0.685,Toxin,0.739
Seq_135,LLNR,0.48,0,0,0.48,Toxin,0.471
Seq_136,LLSP,0.485,0,0,0.485,Toxin,0.477
Seq_137,LLS,0.455,0,0,0.455,Toxin,0.438
Seq_138,LLRL,0.79,0,0,0.79,Toxin,0.876
Seq_139,LLSR,0.54,0,0,0.54,Toxin,0.549
Seq_141,LLT,0.285,0,0,0.285,Toxin,0.216
Seq_142,LLW,0.795,0,0,0.795,Toxin,0.882
Seq_143,LQLL,0.29,0,0,0.29,Toxin,0.222
Seq_144,LLY,0.4,0,0,0.4,Toxin,0.366
Seq_145,LPLL,0.77,0,0,0.77,Toxin,0.85
Seq_146,LNR,0.295,0,0,0.295,Toxin,0.229
Seq_147,LQF,0.22,0,0,0.22,Toxin,0.131
Seq_148,LPH,0.505,0,0,0.505,Toxin,0.503
Seq_149,LPR,0.515,0,0,0.515,Toxin,0.517
Seq_150,LPQ,0.405,0,0,0.405,Toxin,0.373
Seq_151,LPA,0.425,0,0,0.425,Toxin,0.399
Seq_152,LRE,0.36,0,0,0.36,Toxin,0.314
Seq_153,LMR,0.13,0,0,0.13,Toxin,0.013
Seq_154,LRL,0.475,0,0,0.475,Toxin,0.464
Seq_155,LRLL,0.79,0,-0.5,0.29,Toxin,0.222
Seq_156,LRW,0.735,0,0,0.735,Toxin,0.804
Seq_157,LSFF,0.315,0,0,0.315,Toxin,0.255
Seq_158,LSLP,0.605,0,-0.5,0.105,Toxin,0
Seq_160,LSP,0.415,0,0,0.415,Toxin,0.386
Seq_161,LSPL,0.57,0,0,0.57,Toxin,0.588
Seq_162,LSR,0.405,0,0,0.405,Toxin,0.373
Seq_164,LTR,0.24,0,0,0.24,Toxin,0.157
Seq_165,LVK,0.505,0,0,0.505,Toxin,0.503
Seq_166,LTVN,0.1,0,0,0.1,Non-Toxin,0
Seq_167,LTVRR,0.245,0,0,0.245,Toxin,0.164
Seq_169,LVLR,0.265,0,-0.5,0,Non-Toxin,0
Seq_170,LVQ,0.3,0,0,0.3,Toxin,0.235
Seq_171,LVR,0.255,0,0,0.255,Toxin,0.177
Seq_172,LVV,0.225,0,-0.5,0,Non-Toxin,0
Seq_173,LVWR,0.47,0,0,0.47,Toxin,0.458
Seq_174,MEF,0.185,0,0,0.185,Toxin,0.085
Seq_175,LYR,0.23,0,0,0.23,Toxin,0.144
Seq_176,MLF,0.195,0,0,0.195,Toxin,0.098
Seq_177,MDL,0.18,0,0,0.18,Toxin,0.079
Seq_178,LYF,0.215,0,0,0.215,Toxin,0.124
Seq_179,LVY,0.23,0,-0.5,0,Non-Toxin,0
Seq_180,MLA,0.16,0,0,0.16,Toxin,0.053
Seq_181,MLAR,0.165,0,0,0.165,Toxin,0.059
Seq_182,MYL,0.22,0,0,0.22,Toxin,0.131
Seq_183,NEL,0.31,0,0,0.31,Toxin,0.249
Seq_184,NAF,0.305,0,0,0.305,Toxin,0.242
Seq_185,NELS,0.21,0,0,0.21,Toxin,0.118
Seq_186,NDF,0.195,0,0,0.195,Toxin,0.098
Seq_187,NDSF,0.15,0,0,0.15,Toxin,0.039
Seq_188,NFLE,0.24,0,0,0.24,Toxin,0.157
Seq_189,NFY,0.15,0,0,0.15,Toxin,0.039
Seq_190,NLF,0.28,0,0,0.28,Toxin,0.209
Seq_191,NLL,0.435,0,0,0.435,Toxin,0.412
Seq_192,NSF,0.2,0,0,0.2,Toxin,0.105
Seq_193,NPKN,0.34,0,0,0.34,Toxin,0.288
Seq_194,NRLL,0.605,0,-0.5,0.105,Toxin,0
Seq_195,NSLF,0.27,0,0,0.27,Toxin,0.196
Seq_196,NLLE,0.345,0,0,0.345,Toxin,0.294
Seq_197,NNPH,0.27,0,0,0.27,Toxin,0.196
Seq_198,PED,0.315,0,0,0.315,Toxin,0.255
Seq_199,PEN,0.24,0,0,0.24,Toxin,0.157
Seq_200,PEVP,0.085,0,0,0.085,Non-Toxin,0
Seq_201,PFE,0.31,0,0,0.31,Toxin,0.249
Seq_202,PFER,0.23,0,0,0.23,Toxin,0.144
Seq_203,PGL,0.335,0,0,0.335,Toxin,0.281
Seq_204,PFS,0.375,0,0,0.375,Toxin,0.334
Seq_205,PLL,0.645,0,0,0.645,Toxin,0.686
Seq_207,PLLR,0.705,0,0,0.705,Toxin,0.765
Seq_208,PLLH,0.56,0,0,0.56,Toxin,0.575
Seq_209,PLA,0.41,0,0,0.41,Toxin,0.379
Seq_210,PGPS,0.38,0,0,0.38,Toxin,0.34
Seq_211,PLR,0.555,0,-0.5,0.055,Non-Toxin,0
Seq_212,PLY,0.4,0,0,0.4,Toxin,0.366
Seq_214,PLS,0.54,0,0,0.54,Toxin,0.549
Seq_215,QLL,0.31,0,0,0.31,Toxin,0.249
Seq_216,QLV,0.15,0,0,0.15,Toxin,0.039
Seq_217,PVV,0.15,0,0,0.15,Toxin,0.039
Seq_218,QLF,0.135,0,0,0.135,Toxin,0.02
Seq_220,QDF,0.04,0,0,0.04,Non-Toxin,0
Seq_222,QLR,0.16,0,0,0.16,Toxin,0.053
Seq_223,PVP,0.26,0,0,0.26,Toxin,0.183
Seq_225,QSF,0.09,0,0,0.09,Non-Toxin,0
Seq_226,RALR,0.195,0,-0.5,0,Non-Toxin,0
Seq_227,RAFR,0.345,0,0,0.345,Toxin,0.294
Seq_228,RFF,0.21,0,0,0.21,Toxin,0.118
Seq_229,RELF,0.205,0,0,0.205,Toxin,0.111
Seq_230,RFR,0.2,0,0,0.2,Toxin,0.105
Seq_231,RFY,0.06,0,0,0.06,Non-Toxin,0
Seq_232,RFM,0.06,0,0,0.06,Non-Toxin,0
Seq_233,RGL,0.31,0,0,0.31,Toxin,0.249
Seq_234,RGEY,0.42,0,0,0.42,Toxin,0.392
Seq_236,RLF,0.345,0,0,0.345,Toxin,0.294
Seq_237,RLD,0.345,0,0,0.345,Toxin,0.294
Seq_238,RHLL,0.635,0,0,0.635,Toxin,0.673
Seq_239,RLL,0.73,0,-0.5,0.23,Toxin,0.144
Seq_240,RLQKQ,0.285,0,0,0.285,Toxin,0.216
Seq_241,RLG,0.36,0,-0.5,0,Non-Toxin,0
Seq_242,RLR,0.49,0,0,0.49,Toxin,0.484
Seq_243,RLVM,0.205,0,0,0.205,Toxin,0.111
Seq_244,RLY,0.335,0,0,0.335,Toxin,0.281
Seq_245,RMFL,0.18,0,-0.5,0,Non-Toxin,0
Seq_246,RPAF,0.3,0,0,0.3,Toxin,0.235
Seq_247,RMR,0.085,0,0,0.085,Non-Toxin,0
Seq_248,RPR,0.34,0,0,0.34,Toxin,0.288
Seq_249,RQC,0.96,0,0,0.96,Toxin,1
Seq_250,RRAL,0.31,0,-0.5,0,Non-Toxin,0
Seq_251,RRL,0.525,0,0,0.525,Toxin,0.53
Seq_252,RRFR,0.24,0,0,0.24,Toxin,0.157
Seq_253,RRR,0.425,0,0,0.425,Toxin,0.399
Seq_254,RSR,0.26,0,0,0.26,Toxin,0.183
Seq_255,RSSR,0.205,0,0,0.205,Toxin,0.111
Seq_256,RVL,0.245,0,0,0.245,Toxin,0.164
Seq_257,RVLR,0.22,0,0,0.22,Toxin,0.131
Seq_258,RVR,0.165,0,0,0.165,Toxin,0.059
Seq_259,SAL,0.21,0,0,0.21,Toxin,0.118
Seq_260,SFK,0.535,0,0,0.535,Toxin,0.543
Seq_262,SFW,0.56,0,0,0.56,Toxin,0.575
Seq_263,SFVL,0.12,0,0,0.12,Toxin,0
Seq_264,SGDF,0.08,0,0,0.08,Non-Toxin,0
Seq_265,SGF,0.135,0,0,0.135,Toxin,0.02
Seq_266,SGH,0.2,0,0,0.2,Toxin,0.105
Seq_267,SGM,0.16,0,0,0.16,Toxin,0.053
Seq_268,SGVL,0.305,0,0,0.305,Toxin,0.242
Seq_269,SGY,0.1,0,0,0.1,Non-Toxin,0
Seq_270,SHGK,0.385,0,0,0.385,Toxin,0.347
Seq_271,SHLV,0.295,0,0,0.295,Toxin,0.229
Seq_272,SLL,0.535,0,0,0.535,Toxin,0.543
Seq_273,SLN,0.355,0,0,0.355,Toxin,0.307
Seq_274,SNNVF,0.155,0,0,0.155,Toxin,0.046
Seq_275,SPL,0.545,0,0,0.545,Toxin,0.556
Seq_276,SPF,0.395,0,0,0.395,Toxin,0.36
Seq_277,SRFL,0.2,0,0,0.2,Toxin,0.105
Seq_278,SRGL,0.32,0,0,0.32,Toxin,0.262
Seq_279,SRLL,0.655,0,-0.5,0.155,Toxin,0.046
Seq_280,SRLR,0.395,0,0,0.395,Toxin,0.36
Seq_281,SRYL,0.215,0,0,0.215,Toxin,0.124
Seq_282,SSF,0.115,0,0,0.115,Toxin,0
Seq_283,SSVL,0.17,0,-0.5,0,Non-Toxin,0
Seq_285,STM,0.11,0,0,0.11,Toxin,0
Seq_286,SVLY,0.19,0,-0.5,0,Non-Toxin,0
Seq_288,TAF,0.21,0,0,0.21,Toxin,0.118
Seq_289,TAT,0.1,0,0,0.1,Non-Toxin,0
Seq_290,TDL,0.25,0,0,0.25,Toxin,0.17
Seq_291,TDLR,0.175,0,0,0.175,Toxin,0.072
Seq_293,TLQ,0.175,0,0,0.175,Toxin,0.072
Seq_294,TLK,0.515,0,-0.5,0.015,Non-Toxin,0
Seq_295,TLR,0.185,0,0,0.185,Toxin,0.085
Seq_296,TEVL,0.08,0,0,0.08,Non-Toxin,0
Seq_297,TFK,0.435,0,0,0.435,Toxin,0.412
Seq_298,TNF,0.11,0,0,0.11,Toxin,0
Seq_299,TNSF,0.135,0,0,0.135,Toxin,0.02
Seq_300,TPL,0.37,0,0,0.37,Toxin,0.327
Seq_301,TQL,0.175,0,0,0.175,Toxin,0.072
Seq_302,TSGL,0.185,0,0,0.185,Toxin,0.085
Seq_303,TQP,0.25,0,0,0.25,Toxin,0.17
Seq_304,TTR,0.28,0,0,0.28,Toxin,0.209
Seq_305,TVL,0.195,0,0,0.195,Toxin,0.098
Seq_306,TVSA,0.065,0,0,0.065,Non-Toxin,0
Seq_307,VAF,0.385,0,0,0.385,Toxin,0.347
Seq_308,TWL,0.485,0,0,0.485,Toxin,0.477
Seq_309,VDF,0.19,0,0,0.19,Toxin,0.092
Seq_311,VDY,0.2,0,0,0.2,Toxin,0.105
Seq_312,VEY,0.295,0,0,0.295,Toxin,0.229
Seq_313,VFK,0.575,0,0,0.575,Toxin,0.595
Seq_314,VGA,0.38,0,-0.5,0,Non-Toxin,0
Seq_315,VFM,0.195,0,0,0.195,Toxin,0.098
Seq_316,VGF,0.525,0,0,0.525,Toxin,0.53
Seq_317,VFR,0.38,0,0,0.38,Toxin,0.34
Seq_318,VGFR,0.57,0,0,0.57,Toxin,0.588
Seq_320,VGFY,0.385,0,0,0.385,Toxin,0.347
Seq_322,VKVL,0.525,0,0,0.525,Toxin,0.53
Seq_323,VHR,0.39,0,0,0.39,Toxin,0.353
Seq_324,VKF,0.5,0,0,0.5,Toxin,0.497
Seq_325,VLE,0.345,0,0,0.345,Toxin,0.294
Seq_326,VLDR,0.155,0,-0.5,0,Non-Toxin,0
Seq_328,VLER,0.23,0,0,0.23,Toxin,0.144
Seq_330,VLK,0.73,0,0,0.73,Toxin,0.798
Seq_331,VLLR,0.52,0,-0.5,0.02,Non-Toxin,0
Seq_333,VLLK,0.805,0,-0.5,0.305,Toxin,0.242
Seq_334,VLR,0.255,0,0,0.255,Toxin,0.177
Seq_335,VLRH,0.265,0,0,0.265,Toxin,0.19
Seq_336,VLTL,0.165,0,-0.5,0,Non-Toxin,0
Seq_338,VLY,0.2,0,0,0.2,Toxin,0.105
Seq_339,VLW,0.485,0,0,0.485,Toxin,0.477
Seq_340,VNVL,0.18,0,0,0.18,Toxin,0.079
Seq_342,VPPV,0.275,0,0,0.275,Toxin,0.203
Seq_343,VRF,0.18,0,0,0.18,Toxin,0.079
Seq_344,VRFY,0.125,0,0,0.125,Toxin,0.007
Seq_345,VRR,0.255,0,0,0.255,Toxin,0.177
Seq_346,VRV,0.16,0,0,0.16,Toxin,0.053
Seq_347,VRW,0.595,0,0,0.595,Toxin,0.621
Seq_348,VSF,0.15,0,0,0.15,Toxin,0.039
Seq_349,VTF,0.11,0,0,0.11,Toxin,0
Seq_350,VTM,0.1,0,0,0.1,Non-Toxin,0
Seq_352,VVAR,0.145,0,-0.5,0,Non-Toxin,0
Seq_353,VVF,0.23,0,0,0.23,Toxin,0.144
Seq_355,VTV,0.075,0,0,0.075,Non-Toxin,0
Seq_356,VVK,0.335,0,0,0.335,Toxin,0.281
Seq_357,VVY,0.07,0,0,0.07,Non-Toxin,0
Seq_358,WESR,0.42,0,0,0.42,Toxin,0.392
Seq_359,VVR,0.145,0,0,0.145,Toxin,0.033
Seq_360,VVQ,0.19,0,0,0.19,Toxin,0.092
Seq_361,WEE,0.605,0,0,0.605,Toxin,0.634
Seq_363,VVT,0.06,0,0,0.06,Non-Toxin,0
Seq_364,WDNF,0.38,0,0,0.38,Toxin,0.34
Seq_365,WAQ,0.35,0,0,0.35,Toxin,0.301
Seq_366,WFEL,0.375,0,-0.5,0,Non-Toxin,0
Seq_367,WRL,0.605,0,0,0.605,Toxin,0.634
Seq_368,WFL,0.565,0,-0.5,0.065,Non-Toxin,0
Seq_369,WRLY,0.475,0,0,0.475,Toxin,0.464
Seq_370,WLR,0.595,0,0,0.595,Toxin,0.621
Seq_371,WLL,0.745,0,0,0.745,Toxin,0.817
Seq_372,WSD,0.58,0,0,0.58,Toxin,0.601
Seq_373,WSL,0.7,0,0,0.7,Toxin,0.758
Seq_374,WVA,0.46,0,0,0.46,Toxin,0.445
Seq_375,WVAF,0.46,0,0,0.46,Toxin,0.445
Seq_376,WVH,0.46,0,0,0.46,Toxin,0.445
Seq_377,WVVF,0.34,0,0,0.34,Toxin,0.288
Seq_378,YAK,0.39,0,0,0.39,Toxin,0.353
Seq_380,YAL,0.14,0,0,0.14,Toxin,0.026
Seq_381,YFH,0.14,0,0,0.14,Toxin,0.026
Seq_382,YGW,0.485,0,0,0.485,Toxin,0.477
Seq_383,YHR,0.43,0,0,0.43,Toxin,0.405
Seq_384,YLA,0.16,0,0,0.16,Toxin,0.053
Seq_385,YLDM,0.135,0,0,0.135,Toxin,0.02
Seq_386,YLL,0.355,0,0,0.355,Toxin,0.307
Seq_388,YNL,0.265,0,0,0.265,Toxin,0.19
Seq_389,YRL,0.335,0,0,0.335,Toxin,0.281
Seq_390,YRLQ,0.185,0,0,0.185,Toxin,0.085
Seq_391,YRVL,0.155,0,0,0.155,Toxin,0.046
Seq_392,YSL,0.22,0,0,0.22,Toxin,0.131
Seq_393,YVF,0.205,0,0,0.205,Toxin,0.111
Seq_394,YVL,0.205,0,0,0.205,Toxin,0.111
Seq_395,YVLR,0.16,0,0,0.16,Toxin,0.053
Seq_396,YWL,0.5,0,0,0.5,Toxin,0.497
Seq_398,TVEDELRVL,0.135,0,0,0.135,Toxin,0.02
Seq_399,RALPEDVLIN,0.33,0,-0.5,0,Non-Toxin,0
Seq_400,RATGEGFEWVSFK,0.175,0,0,0.175,Toxin,0.072
Seq_401,NRDDQRGIIV,0.24,0,-0.5,0,Non-Toxin,0
Seq_402,SFNMPREEIEEIFESQ,0.265,0,0,0.265,Toxin,0.19
Seq_403,WSREEQELEDR,0.405,0,0,0.405,Toxin,0.373
Seq_404,TVFDDDLREGQLL,0.15,0,0,0.15,Toxin,0.039
Seq_405,SQNENLRLL,0.215,0,-0.5,0,Non-Toxin,0
Seq_406,NIDNELAMR,0.12,0,0,0.12,Toxin,0
Seq_407,VFDDDLREGQLL,0.175,0,0,0.175,Toxin,0.072
Seq_408,NMPREEIEEIFESQ,0.295,0,0,0.295,Toxin,0.229
Seq_409,DDDLREGQLL,0.29,0,0,0.29,Toxin,0.222
Seq_410,KSPDQSYLRVF,0.165,0,0,0.165,Toxin,0.059
Seq_411,VFDDELREG,0.24,0,0,0.24,Toxin,0.157
Seq_412,NIINQLEREAKEL,0.275,0,0,0.275,Toxin,0.203
Seq_413,VVDNFGQTVFDDELREGQLL,0.06,0,0,0.06,Non-Toxin,0
Seq_414,GVAHWSYNDGNEELVAF,0.125,0,-0.5,0,Non-Toxin,0
Seq_415,NIDNELAMRIQ,0.12,0,0,0.12,Toxin,0
Seq_416,SGFDEEFLAD,0.215,0,0,0.215,Toxin,0.124
Seq_417,FSNAPRLVY,0.205,0,-0.5,0,Non-Toxin,0
Seq_418,HFDAELVVF,0.21,0,-0.5,0,Non-Toxin,0
Seq_419,GQTVFDDDLREGQLL,0.095,0,0,0.095,Non-Toxin,0
Seq_420,YLERFTERTELLRGIENY,0.105,0,-0.5,0,Non-Toxin,0
Seq_421,RNQDQEFFFPGPS,0.13,0,0,0.13,Toxin,0.013
Seq_422,IVDDNGDNVFDER,0.175,0,0,0.175,Toxin,0.072
Seq_423,RIPAGTPVYLINRDENEKLYIVK,0.145,0,-0.5,0,Non-Toxin,0
Seq_424,NIVNEFEKEAKEL,0.24,0,0,0.24,Toxin,0.157
Seq_425,AIRAIPEEVLAN,0.18,0,-0.5,0,Non-Toxin,0
Seq_426,DQEFFFPGPS,0.16,0,0,0.16,Toxin,0.053
Seq_427,YSNAPQLL,0.155,0,0,0.155,Toxin,0.046
Seq_428,TVFDDDLREG,0.26,0,0,0.26,Toxin,0.183
Seq_429,VFDDELREGQLL,0.125,0,0,0.125,Toxin,0.007
Seq_430,GNIRFPLAGKNNIVNEFEKEAKEL,0.24,0,0,0.24,Toxin,0.157
Seq_431,GQNNIINQLEREAKEL,0.22,0,0,0.22,Toxin,0.131
Seq_432,GQTVFDDELREGQLL,0.06,0,0,0.06,Non-Toxin,0
Seq_433,NTPRDRLERFFDQQEQREGVIIRAS,0.145,0,0,0.145,Toxin,0.033
Seq_434,NTPRDRLERFFDQQEQREGVIIRA,0.15,0,0,0.15,Toxin,0.039
Seq_435,AQGNIRFPL,0.17,0,0,0.17,Toxin,0.066
Seq_436,NIPDTIARRLQEDDNRRGVIVK,0.12,0,-0.5,0,Non-Toxin,0
Seq_437,YTPHWSMTDNRVVYVL,0.225,0,0,0.225,Toxin,0.137
Seq_438,GNPDDEFRQE,0.27,0,0,0.27,Toxin,0.196
Seq_439,GVAHWIYNDGESQLIVM,0.1,0,-0.5,0,Non-Toxin,0
Seq_440,SAEKGHLFPN,0.285,0,0,0.285,Toxin,0.216
Seq_441,ALNTPRDRLERFFDQQEQREGVIIR,0.145,0,0,0.145,Toxin,0.033
Seq_442,GEREEENPYVF,0.445,0,0,0.445,Toxin,0.425
Seq_443,QRGSSNNVFSGFDAEFLADAF,0.12,0,-0.5,0,Non-Toxin,0
Seq_444,NTPRDRLERFFDQQEQREGVIIR,0.135,0,0,0.135,Toxin,0.02
Seq_445,VVRRTIEPNGLLLPQYSNAPQLL,0.165,0,-0.5,0,Non-Toxin,0
Seq_446,RATGEGFEWVSF,0.115,0,0,0.115,Toxin,0
Seq_447,GVLFPGCPETF,0.56,0,-0.5,0.06,Non-Toxin,0
Seq_448,NIFSGFSEELLAEAY,0.17,0,-0.5,0,Non-Toxin,0
Seq_449,HWSYNDGNEELVAF,0.175,0,-0.5,0,Non-Toxin,0
Seq_450,AIRAIPEEVLANAF,0.205,0,-0.5,0,Non-Toxin,0
Seq_451,ALYTPHWSMTDNRVVYVL,0.19,0,0,0.19,Toxin,0.092
Seq_452,MRPDEDEQEGQRQ,0.11,0,0,0.11,Toxin,0
Seq_453,ILRPVSVPGHFEAF,0.205,0,0,0.205,Toxin,0.111
Seq_454,HFREGDIIAFPA,0.21,0,-0.5,0,Non-Toxin,0
Seq_455,GLRGEEMEEM,0.405,0,0,0.405,Toxin,0.373
Seq_456,WSYNDGNEELVAF,0.2,0,-0.5,0,Non-Toxin,0
Seq_457,RVVDSEGGRTE,0.145,0,0,0.145,Toxin,0.033
Seq_458,TERTELLRGIENY,0.135,0,-0.5,0,Non-Toxin,0
Seq_459,AFNFPAREVEKIF,0.215,0,0,0.215,Toxin,0.124
Seq_460,DDELREGQLL,0.205,0,0,0.205,Toxin,0.111
Seq_461,RRESWPGSR,0.27,0,0,0.27,Toxin,0.196
Seq_462,SPDQSYLRVF,0.11,0,0,0.11,Toxin,0
Seq_463,KAGNQGFEWVAF,0.255,0,-0.5,0,Non-Toxin,0
Seq_464,SGFDEEFLADSF,0.135,0,0,0.135,Toxin,0.02
Seq_465,VVGENGQNVFDGEIREGQAL,0.18,0,-0.5,0,Non-Toxin,0
Seq_466,NMPREEIEEIFE,0.355,0,0,0.355,Toxin,0.307
Seq_467,GQQEYEQH,0.265,0,0,0.265,Toxin,0.19
Seq_468,GGDSTHPFNLF,0.26,0,0,0.26,Toxin,0.183
Seq_469,QEDDNRRGVIV,0.215,0,-0.5,0,Non-Toxin,0
Seq_470,GLLLPQYSNAPQLL,0.26,0,-0.5,0,Non-Toxin,0
Seq_471,IVDDNGDNVFDERVKRGDVY,0.095,0,0,0.095,Non-Toxin,0
Seq_472,HWIYNDGESQLIVM,0.08,0,-0.5,0,Non-Toxin,0
Seq_473,TRRDQLEKLFGKQTQ,0.145,0,-0.5,0,Non-Toxin,0
Seq_474,SFNMPREEIEEIFESQMESY,0.24,0,0,0.24,Toxin,0.157
Seq_475,GFEWVAFKT,0.3,0,0,0.3,Toxin,0.235
Seq_476,QEQREGVIIR,0.195,0,0,0.195,Toxin,0.098
Seq_477,YLERFTERTELLR,0.095,0,-0.5,0,Non-Toxin,0
Seq_478,SYNDGNEELVAF,0.17,0,-0.5,0,Non-Toxin,0
Seq_479,GLRGEEMEEMVQ,0.375,0,0,0.375,Toxin,0.334
Seq_480,NTPRDRLERFFDQQ,0.12,0,0,0.12,Toxin,0
Seq_481,YLERFTERTELL,0.1,0,-0.5,0,Non-Toxin,0
Seq_482,FNMPREEIEEIFESQ,0.3,0,0,0.3,Toxin,0.235
Seq_483,GFSEELLAEAY,0.29,0,-0.5,0,Non-Toxin,0
Seq_484,HWIYNDGESQLIV,0.125,0,-0.5,0,Non-Toxin,0
Seq_485,ILRPVSVPGHFEAFHGSGGEDPESF,0.11,0,-0.5,0,Non-Toxin,0
Seq_486,GVAHWSYNDGSNPVVAISL,0.165,0,-0.5,0,Non-Toxin,0
Seq_487,AVIDLSNHANQL,0.185,0,-0.5,0,Non-Toxin,0
Seq_488,SNDILVAAL,0.28,0,-0.5,0,Non-Toxin,0
Seq_489,RIDREEAR,0.365,0,0,0.365,Toxin,0.32
Seq_490,NRDDQRGIIVTVEDELRVL,0.15,0,-0.5,0,Non-Toxin,0
Seq_491,HGSGGEDPESF,0.065,0,-0.5,0,Non-Toxin,0
Seq_492,VIRAMPIDVLTNSF,0.19,0,0,0.19,Toxin,0.092
Seq_493,SGFSEELLAEAY,0.245,0,-0.5,0,Non-Toxin,0
Seq_494,QEDDNRRGVIVK,0.18,0,-0.5,0,Non-Toxin,0
Seq_495,YLERFTERTELLRGIENYRVVIL,0.125,0,-0.5,0,Non-Toxin,0
Seq_496,VVDHLGQTVFDDDLREGQLL,0.13,0,0,0.13,Toxin,0.013
Seq_497,AQGNIRFPLA,0.15,0,0,0.15,Toxin,0.039
Seq_498,AIRALPEEVLAT,0.15,0,-0.5,0,Non-Toxin,0
Seq_499,SFQMSPREAQNL,0.13,0,0,0.13,Toxin,0.013
Seq_500,RAGNNGFEYVTIK,0.24,0,0,0.24,Toxin,0.157
Seq_501,EQREGVIIR,0.245,0,0,0.245,Toxin,0.164
Seq_502,WSREEQELEDRRERQREL,0.325,0,0,0.325,Toxin,0.268
Seq_503,LARGDIFVIPAGHPIAITA,0.22,0,0,0.22,Toxin,0.131
Seq_504,GQTVFDDELREG,0.11,0,0,0.11,Toxin,0
Seq_505,RGIENYRVVIL,0.18,0,0,0.18,Toxin,0.079
Seq_506,AIRALPEEVLATAF,0.1,0,-0.5,0,Non-Toxin,0
Seq_507,SLNSFNLPILR,0.54,0,0,0.54,Toxin,0.549
Seq_508,SFNMPREEIEEIF,0.34,0,0,0.34,Toxin,0.288
Seq_509,SFFIGGGKYPTSVLA,0.275,0,-0.5,0,Non-Toxin,0
Seq_510,RIPAGTPVYLINRDENEKLYIV,0.17,0,-0.5,0,Non-Toxin,0
Seq_511,WIYNDGESQLIVM,0.11,0,-0.5,0,Non-Toxin,0
Seq_512,SVVYAIRGRAEIQ,0.145,0,0,0.145,Toxin,0.033
Seq_513,SFNMPREEIEEIFES,0.3,0,0,0.3,Toxin,0.235
Seq_514,ATGEGFEWVSFK,0.18,0,0,0.18,Toxin,0.079
Seq_515,TERTELLRGIENYRVVIL,0.11,0,-0.5,0,Non-Toxin,0
Seq_516,VVGENGQNVF,0.28,0,-0.5,0,Non-Toxin,0
Seq_517,LVYIEQGEGLLGL,0.115,0,-0.5,0,Non-Toxin,0
Seq_518,AVIDLSNHANQLDRRFRSFLL,0.21,0,-0.5,0,Non-Toxin,0
Seq_519,RGDIFVIPAGHPIAITA,0.215,0,0,0.215,Toxin,0.124
Seq_520,RLARGDIFVIPAGHPIAITA,0.21,0,0,0.21,Toxin,0.118
Seq_521,RNQDQEFFFPGPSRQPEEGGRA,0.12,0,0,0.12,Toxin,0
Seq_522,QEDDSQRGIIV,0.19,0,-0.5,0,Non-Toxin,0
Seq_523,EEGYEEEELGGEREEENPYVF,0.39,0,0,0.39,Toxin,0.353
Seq_524,VREIREGDVV,0.15,0,0,0.15,Toxin,0.039
Seq_525,QSENDHRRSIVRVEGRQL,0.175,0,0,0.175,Toxin,0.072
Seq_526,GEEREERGLDRD,0.385,0,0,0.385,Toxin,0.347
Seq_527,RATGEGFEWVSFKTNENAMISPL,0.2,0,0,0.2,Toxin,0.105
Seq_528,RTIEPNGLLLPQYSNAPQLL,0.15,0,-0.5,0,Non-Toxin,0
Seq_529,VALEPSNRIEAEAGVIE,0.14,0,-0.5,0,Non-Toxin,0
Seq_530,QIPREDARRL,0.2,0,0,0.2,Toxin,0.105
Seq_531,GFERETLSNAF,0.22,0,0,0.22,Toxin,0.131
Seq_532,GYTSVIRAMPIDVLTN,0.115,0,0,0.115,Toxin,0
Seq_533,EANPQTFISPAHFDAELVVF,0.14,0,-0.5,0,Non-Toxin,0
Seq_534,VAPAGHPVAVIA,0.255,0,-0.5,0,Non-Toxin,0
Seq_535,ARLARGDIFVIPAGHPIAITA,0.175,0,0,0.175,Toxin,0.072
Seq_536,NLPILRYIQL,0.34,0,0,0.34,Toxin,0.288
Seq_537,FDDDLREGQLL,0.29,0,0,0.29,Toxin,0.222
Seq_538,NIVNEFEKEAK,0.22,0,0,0.22,Toxin,0.131
Seq_539,EDDSQRGIIV,0.275,0,-0.5,0,Non-Toxin,0
Seq_540,RARNEGFEWVSFKTNENAMVSPL,0.165,0,0,0.165,Toxin,0.059
Seq_541,GQTVFDDDLREG,0.15,0,0,0.15,Toxin,0.039
Seq_542,HFREGDVIAFPA,0.21,0,-0.5,0,Non-Toxin,0
Seq_543,TMRALPEDVLIN,0.205,0,-0.5,0,Non-Toxin,0
Seq_544,RYLDMSAEKGHLFPN,0.19,0,0,0.19,Toxin,0.092
Seq_545,GLLLPQYSNAPQLVYIA,0.18,0,-0.5,0,Non-Toxin,0
Seq_546,YAEIKRGAMMVPHYNSKATVVVY,0.215,0,0,0.215,Toxin,0.124
Seq_547,YTPHWSMTDNRVVY,0.205,0,0,0.205,Toxin,0.111
Seq_548,SGFDADFLADAF,0.07,0,0,0.07,Non-Toxin,0
Seq_549,RLSRDQHQKVREIREGDVVAIPA,0.12,0,-0.5,0,Non-Toxin,0
Seq_550,SDALYVPHWNL,0.22,0,-0.5,0,Non-Toxin,0
Seq_551,LQPVNNPGQF,0.175,0,0,0.175,Toxin,0.072
Seq_552,SGFSEELLAE,0.38,0,-0.5,0,Non-Toxin,0
Seq_553,RGLGNNVFSGFDADFL,0.19,0,-0.5,0,Non-Toxin,0
Seq_554,DQEFFFPGPSRQPEEGGRA,0.16,0,0,0.16,Toxin,0.053
Seq_555,TVREEKRENFNVEQGDIM,0.17,0,0,0.17,Toxin,0.066
Seq_556,RYLDMSAEKGHLFPNAL,0.2,0,0,0.2,Toxin,0.105
Seq_557,RLRENIGDPSRA,0.18,0,0,0.18,Toxin,0.079
Seq_558,IDNELAMR,0.13,0,0,0.13,Toxin,0.013
Seq_559,NIDNELAMRIQNRDDQRGIIV,0.125,0,-0.5,0,Non-Toxin,0
Seq_560,WLEEEDDTMPPGDAPQSA,0.14,0,0,0.14,Toxin,0.026
Seq_561,ASQNENLRLL,0.24,0,-0.5,0,Non-Toxin,0
Seq_562,VLFPGCPETF,0.585,0,-0.5,0.085,Non-Toxin,0
Seq_563,GAKSPDQSYLRVF,0.195,0,0,0.195,Toxin,0.098
Seq_564,AMPIDVLTNSF,0.215,0,0,0.215,Toxin,0.124
Seq_565,LDMSAEKGHLFPNAL,0.235,0,0,0.235,Toxin,0.151
Seq_566,MPREEIEEIFESQ,0.275,0,0,0.275,Toxin,0.203
Seq_567,RARNEGFEWVSFK,0.22,0,0,0.22,Toxin,0.131
Seq_568,GQNVFDGEIR,0.19,0,0,0.19,Toxin,0.092
Seq_569,RNQDQEFFFPGPSRQPEEGGRAFE,0.12,0,0,0.12,Toxin,0
Seq_570,AFNFPAREVEKIFRNQ,0.185,0,0,0.185,Toxin,0.085
Seq_571,GFGINGENNQRNFLA,0.215,0,0,0.215,Toxin,0.124
Seq_572,YVPHWNLN,0.195,0,0,0.195,Toxin,0.098
Seq_573,ELLRGIENYRVVIL,0.15,0,-0.5,0,Non-Toxin,0
Seq_574,SQNENLRLLGF,0.235,0,-0.5,0,Non-Toxin,0
Seq_575,HWSYNDGSNPVVAISL,0.16,0,-0.5,0,Non-Toxin,0
Seq_576,SFFIGGGKYPTSVL,0.295,0,-0.5,0,Non-Toxin,0
Seq_577,SQSPEERERSQ,0.19,0,0,0.19,Toxin,0.092
Seq_578,SLAQGLNPKCETADHGST,0.43,0,-0.5,0,Non-Toxin,0
Seq_579,VVGENGQNVFDGEIR,0.175,0,-0.5,0,Non-Toxin,0
Seq_580,SRREQRGSFQ,0.135,0,0,0.135,Toxin,0.02
Seq_581,RATGEGFEWVSFKTNENAMISPLA,0.17,0,0,0.17,Toxin,0.066
Seq_582,VRDDLEVSLPKPYLPR,0.22,0,-0.5,0,Non-Toxin,0
Seq_583,DDNGDNVFDER,0.195,0,0,0.195,Toxin,0.098
Seq_584,RHGEPGQQQRGSSNNVFSGFDAEFL,0.125,0,-0.5,0,Non-Toxin,0
Seq_585,RNQDQEFFFPGPSRQPEEGGR,0.115,0,0,0.115,Toxin,0
Seq_586,KAGNQGFEWVAFKTNDNAKIN,0.32,0,-0.5,0,Non-Toxin,0
Seq_587,EDEDFETR,0.325,0,0,0.325,Toxin,0.268
Seq_588,VYAIRGRAEIQ,0.19,0,0,0.19,Toxin,0.092
Seq_589,NVFSGFDAEFL,0.215,0,0,0.215,Toxin,0.124
Seq_590,YDTSNQANQLDENARRFYLA,0.085,0,0,0.085,Non-Toxin,0
Seq_591,RERQRELEWERE,0.355,0,0,0.355,Toxin,0.307
Seq_592,LSAERGALYSDAL,0.165,0,-0.5,0,Non-Toxin,0
Seq_593,RWLQLSAERGALY,0.2,0,-0.5,0,Non-Toxin,0
Seq_594,RIPAGTPVYLIN,0.2,0,0,0.2,Toxin,0.105
Seq_595,RESWPGSR,0.295,0,0,0.295,Toxin,0.229
Seq_596,EDDNRRGVIV,0.3,0,-0.5,0,Non-Toxin,0
Seq_597,GRTSAIRAIPEEVLAN,0.13,0,-0.5,0,Non-Toxin,0
Seq_598,LLPQYSNAPQLVYIA,0.16,0,-0.5,0,Non-Toxin,0
Seq_599,GLLLPSFSNAPRLVY,0.31,0,-0.5,0,Non-Toxin,0
Seq_600,SRDQHQKVREIREGDVVAIPA,0.125,0,-0.5,0,Non-Toxin,0
Seq_601,ERFTERTELLRGIENY,0.14,0,-0.5,0,Non-Toxin,0
Seq_602,RVVILDANPNTF,0.16,0,0,0.16,Toxin,0.053
Seq_603,QEDDSQRGIIVR,0.185,0,-0.5,0,Non-Toxin,0
Seq_604,FMPGVPGPIERQ,0.24,0,0,0.24,Toxin,0.157
Seq_605,SRGEEREERGLD,0.48,0,0,0.48,Toxin,0.471
Seq_606,NIVNEFEKEAKELAF,0.305,0,-0.5,0,Non-Toxin,0
Seq_607,LGGEREEENPYVF,0.375,0,0,0.375,Toxin,0.334
Seq_608,GFDAEFLADAF,0.12,0,0,0.12,Toxin,0
Seq_609,GQQQRGLGNNVFSGFDADFLADAF,0.08,0,-0.5,0,Non-Toxin,0
Seq_610,YVPHWNLNAHSV,0.225,0,0,0.225,Toxin,0.137
Seq_611,ENGQNVFDGEIR,0.26,0,0,0.26,Toxin,0.183
Seq_612,FLTLPDDEKRLW,0.26,0,-0.5,0,Non-Toxin,0
Seq_613,GNLQVIRPRWSREEQELEDR,0.265,0,-0.5,0,Non-Toxin,0
Seq_614,KTNENAMISPL,0.32,0,0,0.32,Toxin,0.262
Seq_615,VVDHLGQTVFDDDLREGQLLTIPQ,0.105,0,-0.5,0,Non-Toxin,0
Seq_616,RGAMMVPHYNSKATVVVY,0.15,0,0,0.15,Toxin,0.039
Seq_617,VREIREGDVVAIPA,0.15,0,-0.5,0,Non-Toxin,0
Seq_618,MRPDEDEQEGQ,0.185,0,0,0.185,Toxin,0.085
Seq_619,NNIINQLEREAKEL,0.27,0,0,0.27,Toxin,0.196
Seq_620,KAGNDGFEYV,0.245,0,-0.5,0,Non-Toxin,0
Seq_621,YLDMSAEKGHLFPNAL,0.205,0,0,0.205,Toxin,0.111
Seq_622,FSNAPRLVYVVQ,0.145,0,-0.5,0,Non-Toxin,0
Seq_623,SFQMSPREAQNLKHNRGHQSFLL,0.26,0,-0.5,0,Non-Toxin,0
Seq_624,EWERERRQSR,0.33,0,0,0.33,Toxin,0.275
Seq_625,VRQIREGDIL,0.145,0,0,0.145,Toxin,0.033
Seq_626,GVAHWIYNDGESQLIV,0.115,0,-0.5,0,Non-Toxin,0
Seq_627,SVPGHFEAFHGSGGEDPESFYRAF,0.13,0,-0.5,0,Non-Toxin,0
Seq_628,SWEVLEAAL,0.305,0,-0.5,0,Non-Toxin,0
Seq_629,SLILPSYQPTPSLVY,0.24,0,-0.5,0,Non-Toxin,0
Seq_630,SLPEFSLPDLPY,0.42,0,-0.5,0,Non-Toxin,0
Seq_631,GLRGEEMEEMVQSA,0.295,0,0,0.295,Toxin,0.229
Seq_632,LNDDETEKIIQ,0.135,0,0,0.135,Toxin,0.02
Seq_633,RDENEKLYIVK,0.255,0,-0.5,0,Non-Toxin,0
Seq_634,EAFHGSGGEDPESFYRAF,0.105,0,-0.5,0,Non-Toxin,0
Seq_635,RQQRPGEHGQQQ,0.24,0,0,0.24,Toxin,0.157
Seq_636,RGIENFRVAIL,0.265,0,-0.5,0,Non-Toxin,0
Seq_637,SDALYVPHWNLN,0.195,0,-0.5,0,Non-Toxin,0
Seq_638,QQQQGLRGEEMEEMVQ,0.23,0,0,0.23,Toxin,0.144
Seq_639,KSPMAGYTSVIRAMPIDVLTN,0.17,0,0,0.17,Toxin,0.066
Seq_640,GFDADFLADAF,0.085,0,0,0.085,Non-Toxin,0
Seq_641,YTPHWSMTDNRVVYVLRGDARVQ,0.18,0,0,0.18,Toxin,0.079
Seq_642,SLILPSYQPTPS,0.235,0,-0.5,0,Non-Toxin,0
Seq_643,RARNEGFEWVSFKTNENAMVSPLA,0.145,0,0,0.145,Toxin,0.033
Seq_644,RSQQSGSNIFSGFDEEFLADSF,0.075,0,0,0.075,Non-Toxin,0
Seq_645,VIRGNARLQ,0.21,0,0,0.21,Toxin,0.118
Seq_646,RIQNRDDQRGIIVTVEDELRVL,0.15,0,-0.5,0,Non-Toxin,0
Seq_647,YIEQGEGLLGL,0.11,0,0,0.11,Toxin,0
Seq_648,VTVEDELRVL,0.12,0,0,0.12,Toxin,0
Seq_649,AFNFPAREVEKIFRN,0.21,0,0,0.21,Toxin,0.118
Seq_650,YVPHWNLNAHSVVY,0.245,0,0,0.245,Toxin,0.164
Seq_651,NEGFEWVSFK,0.21,0,0,0.21,Toxin,0.118
Seq_652,SGFDAEFLADAF,0.105,0,0,0.105,Toxin,0
Seq_653,GFEYVTIK,0.32,0,0,0.32,Toxin,0.262
Seq_654,QLDQNPRNF,0.145,0,0,0.145,Toxin,0.033
Seq_655,VEDELRVL,0.225,0,0,0.225,Toxin,0.137
Seq_656,GVVKRATGEGFEWVSFK,0.22,0,0,0.22,Toxin,0.131
Seq_657,AVVTRGRATLTL,0.195,0,-0.5,0,Non-Toxin,0
Seq_658,DQEFFFPGPSRQPEEGGR,0.165,0,0,0.165,Toxin,0.059
Seq_659,RIDREEARRL,0.29,0,0,0.29,Toxin,0.222
Seq_660,LLDTNNNANQLDQNPRNF,0.185,0,-0.5,0,Non-Toxin,0
Seq_661,IRAMPIDVL,0.185,0,0,0.185,Toxin,0.085
Seq_662,YLAGNPDDEFRPQ,0.22,0,0,0.22,Toxin,0.131
Seq_663,AEIKRGAMMVPHYNSKATVVVY,0.21,0,0,0.21,Toxin,0.118
Seq_664,ATTARAGNNGFEYVTIK,0.145,0,0,0.145,Toxin,0.033
Seq_665,RTIEPNGLLLPQYSNAPQLVYIA,0.145,0,-0.5,0,Non-Toxin,0
Seq_666,VIRAMPIDVLTN,0.21,0,0,0.21,Toxin,0.118
Seq_667,LLQPVNNPGQFREYYAAGA,0.235,0,-0.5,0,Non-Toxin,0
Seq_668,FDDELREG,0.32,0,0,0.32,Toxin,0.262
Seq_669,GKNNIVNEFEKEAKEL,0.255,0,0,0.255,Toxin,0.177
Seq_670,ARNEGFEWVSF,0.175,0,0,0.175,Toxin,0.072
Seq_671,STDEYGNVIR,0.29,0,0,0.29,Toxin,0.222
Seq_672,GVAHWIYNDGESQ,0.105,0,0,0.105,Toxin,0
Seq_673,EEIEEIFESQ,0.32,0,0,0.32,Toxin,0.262
Seq_674,TVNSQNLPILRWLQ,0.35,0,0,0.35,Toxin,0.301
Seq_675,SAIRAIPEEVLAN,0.175,0,-0.5,0,Non-Toxin,0
Seq_676,QQRGLGNNVFSGFDADFLADAF,0.11,0,-0.5,0,Non-Toxin,0
Seq_677,YNIPDTIAR,0.195,0,0,0.195,Toxin,0.098
Seq_678,VVGENGQNVFDGEIREG,0.185,0,-0.5,0,Non-Toxin,0
Seq_679,MTDNRVVYVLRGDARVQ,0.075,0,0,0.075,Non-Toxin,0
Seq_680,QREGVIIR,0.245,0,0,0.245,Toxin,0.164
Seq_681,HGSGGEDPESFYRAF,0.1,0,-0.5,0,Non-Toxin,0
Seq_682,REEEQQRHNPYYFHSQ,0.225,0,0,0.225,Toxin,0.137
Seq_683,VRTDEGRIQ,0.13,0,0,0.13,Toxin,0.013
Seq_684,YLDMSAEKGHLFPN,0.185,0,0,0.185,Toxin,0.085
Seq_685,KVRDDLEVSLPKPYLPR,0.2,0,-0.5,0,Non-Toxin,0
Seq_686,NDGESQLIVMIL,0.14,0,-0.5,0,Non-Toxin,0
Seq_687,NRDDQRGIIVTVEDELR,0.165,0,-0.5,0,Non-Toxin,0
Seq_688,AHWSYNDGNEELVAF,0.185,0,-0.5,0,Non-Toxin,0
Seq_689,LQPVNNPGQFREYYAA,0.21,0,-0.5,0,Non-Toxin,0
Seq_690,RESRGREEEQQRHNPY,0.305,0,0,0.305,Toxin,0.242
Seq_691,NSFNLPIL,0.61,0,0,0.61,Toxin,0.641
Seq_692,EWERERRQS,0.32,0,0,0.32,Toxin,0.262
Seq_693,RAIPEEVLAN,0.205,0,-0.5,0,Non-Toxin,0
Seq_694,GSNIFSGFDEEFLADSF,0.125,0,0,0.125,Toxin,0.007
Seq_695,FDDDLREG,0.375,0,0,0.375,Toxin,0.334
Seq_696,LQPVNNPGQFREYYAAGA,0.205,0,-0.5,0,Non-Toxin,0
Seq_697,GQTVFDDELREGQLLTIPQNF,0.06,0,-0.5,0,Non-Toxin,0
Seq_698,YTSVIRAMPIDVLTN,0.145,0,0,0.145,Toxin,0.033
Seq_699,SLNSFNLPIL,0.655,0,0,0.655,Toxin,0.699
Seq_700,QVVGENGQNVFDGEIR,0.175,0,-0.5,0,Non-Toxin,0
Seq_701,SNHDQRRGIVR,0.235,0,-0.5,0,Non-Toxin,0
Seq_702,FYATTARAGNNGFEYVTIK,0.155,0,0,0.155,Toxin,0.046
Seq_703,SVIYVIRGNARLQ,0.21,0,0,0.21,Toxin,0.118
Seq_704,INRDENEKLYIVK,0.265,0,-0.5,0,Non-Toxin,0
Seq_705,EEQELEDR,0.41,0,0,0.41,Toxin,0.379
Seq_706,SAIRALPEEVLAT,0.135,0,-0.5,0,Non-Toxin,0
Seq_707,VFDGEIREG,0.21,0,0,0.21,Toxin,0.118
Seq_708,WLQLSAERGALYSDAL,0.125,0,-0.5,0,Non-Toxin,0
Seq_709,SHTLPVLRWL,0.49,0,-0.5,0,Non-Toxin,0
Seq_710,HESEEGEVK,0.2,0,0,0.2,Toxin,0.105
Seq_711,VYAQEEAVILPSPK,0.155,0,0,0.155,Toxin,0.046
Seq_712,AYRIDREEARRLKYNRDETTLF,0.15,0,0,0.15,Toxin,0.039
Seq_713,SELIIDGEERIR,0.295,0,-0.5,0,Non-Toxin,0
Seq_714,SILRTMLGPELAAAF,0.165,0,0,0.165,Toxin,0.059
Seq_715,WVNPRVPGIIEKPELENL,0.165,0,-0.5,0,Non-Toxin,0
Seq_716,NTPRDRLERFFDQ,0.115,0,0,0.115,Toxin,0
Seq_717,TSGQPMKSPMAGYTSVIRAMPIDVL,0.145,0,0,0.145,Toxin,0.033
Seq_718,KAGNQGFEWVAFK,0.315,0,-0.5,0,Non-Toxin,0
Seq_719,SHTLPVLRWLQ,0.36,0,-0.5,0,Non-Toxin,0
Seq_720,NIVNEFEKE,0.205,0,0,0.205,Toxin,0.111
Seq_721,ALAGRLSTMRALPEDVLINAY,0.205,0,-0.5,0,Non-Toxin,0
Seq_722,SLILPSYQPTPSL,0.255,0,-0.5,0,Non-Toxin,0
Seq_723,ALRGRAEVQVVDNF,0.08,0,-0.5,0,Non-Toxin,0
Seq_724,VVRRTIEPNGLLLPQYSNAPQLV,0.15,0,-0.5,0,Non-Toxin,0
Seq_725,DDLEVSLPKPYLPR,0.29,0,-0.5,0,Non-Toxin,0
Seq_726,SQSPEERERSQQSGSNIF,0.105,0,0,0.105,Toxin,0
Seq_727,SFQRDRHQKIR,0.295,0,-0.5,0,Non-Toxin,0
Seq_728,VQIVDDNGDNVFDER,0.135,0,0,0.135,Toxin,0.02
Seq_729,ELLRGIENY,0.215,0,-0.5,0,Non-Toxin,0
Seq_730,NFLAGQNNIINQLEREAKEL,0.28,0,0,0.28,Toxin,0.209
Seq_731,REQRGSFQNIFSGFSEELLAEAY,0.175,0,-0.5,0,Non-Toxin,0
Seq_732,LRENIGDPS,0.15,0,0,0.15,Toxin,0.039
Seq_733,SRTGPLEFFGFTT,0.23,0,-0.5,0,Non-Toxin,0
Seq_734,NDGSNPVVAI,0.19,0,-0.5,0,Non-Toxin,0
Seq_735,GYTSVIRAMPIDVL,0.14,0,0,0.14,Toxin,0.026
Seq_736,GRTSAIRALPEEVLAT,0.115,0,-0.5,0,Non-Toxin,0
Seq_737,RERQRELEWE,0.38,0,0,0.38,Toxin,0.34
Seq_738,ALYTPHWSMTDNRVVY,0.195,0,0,0.195,Toxin,0.098
Seq_739,STMRALPEDVLINAY,0.16,0,-0.5,0,Non-Toxin,0
Seq_740,VFSGFDADFLADAF,0.145,0,0,0.145,Toxin,0.033
Seq_741,YLAGNPDDEFRQEGQQEYEQH,0.215,0,0,0.215,Toxin,0.124
Seq_742,RLQEDDNRRGVIV,0.19,0,-0.5,0,Non-Toxin,0
Seq_743,SRGEEREERGLDRD,0.35,0,0,0.35,Toxin,0.301
Seq_744,MVPHYNSKATVVVY,0.16,0,0,0.16,Toxin,0.053
Seq_745,RNALVAPHYNLNSHSVIY,0.23,0,-0.5,0,Non-Toxin,0
Seq_746,SPEERERSQQSGSNIF,0.115,0,0,0.115,Toxin,0
Seq_747,GRERGPEASPR,0.295,0,0,0.295,Toxin,0.229
Seq_748,YIQLSAERGVLY,0.13,0,-0.5,0,Non-Toxin,0
Seq_749,SRQREGPIVYVPE,0.23,0,0,0.23,Toxin,0.144
Seq_750,RELEWERERRQ,0.375,0,0,0.375,Toxin,0.334
Seq_751,RERQRELEWERERRQSR,0.255,0,0,0.255,Toxin,0.177
Seq_752,GTPVYLINRDENEKLYIVK,0.18,0,-0.5,0,Non-Toxin,0
Seq_753,TVNSQNLPILRWL,0.365,0,0,0.365,Toxin,0.32
Seq_754,RIRHNLDTQTESDVF,0.095,0,0,0.095,Non-Toxin,0
Seq_755,GRLSTMRALPEDVLIN,0.225,0,-0.5,0,Non-Toxin,0
Seq_756,GFEWVAFKTNDNAKIN,0.375,0,0,0.375,Toxin,0.334
Seq_757,VFDDELREGQ,0.215,0,0,0.215,Toxin,0.124
Seq_758,RGLGNNVFSGFDADFLAD,0.17,0,-0.5,0,Non-Toxin,0
Seq_759,SRGREEEQQRHNPYYFHSQ,0.22,0,0,0.22,Toxin,0.131
Seq_760,TVFDDDLREGQ,0.195,0,0,0.195,Toxin,0.098
Seq_761,VIDLSNHANQLDRRFRSF,0.155,0,-0.5,0,Non-Toxin,0
Seq_762,NLPILRYIQLS,0.39,0,0,0.39,Toxin,0.353
Seq_763,ILRPVSVPGHFEAFHGSGGED,0.14,0,-0.5,0,Non-Toxin,0
Seq_764,SLILPSYQPTPSLV,0.22,0,-0.5,0,Non-Toxin,0
Seq_765,NRDDQRGRIVL,0.32,0,-0.5,0,Non-Toxin,0
Seq_766,RGEEMEEMVQ,0.37,0,0,0.37,Toxin,0.327
Seq_767,RESRGREEEQQRHNPYYFHSQ,0.225,0,0,0.225,Toxin,0.137
Seq_768,MAPHVNPTATEYGIVL,0.19,0,-0.5,0,Non-Toxin,0
Seq_769,AGNQGFEWVAFKT,0.24,0,0,0.24,Toxin,0.157
Seq_770,SRHESEEGEVK,0.19,0,0,0.19,Toxin,0.092
Seq_771,QNNIINQLEREAKEL,0.23,0,0,0.23,Toxin,0.144
Seq_772,WSREEQELEDRRE,0.355,0,0,0.355,Toxin,0.307
Seq_773,RLVALEPSNRIEAEAGVIE,0.155,0,-0.5,0,Non-Toxin,0
Seq_774,FFDQQEQREGVIIRAS,0.09,0,0,0.09,Non-Toxin,0
Seq_775,VVRRTIEPNGLLLPQYSNAPQLVY,0.135,0,-0.5,0,Non-Toxin,0
Seq_776,WEEPFGPVLPVIR,0.28,0,-0.5,0,Non-Toxin,0
Seq_777,LLQPVNNPGQFREYYAA,0.215,0,-0.5,0,Non-Toxin,0
Seq_778,ASQNENLRLLGF,0.195,0,-0.5,0,Non-Toxin,0
Seq_779,SVIRAMPIDVLTNSFQMSPREAQNL,0.155,0,0,0.155,Toxin,0.046
Seq_780,YQPTPSLVYIEQGEGLLGL,0.155,0,-0.5,0,Non-Toxin,0
Seq_781,LQLSAERGALYSDAL,0.13,0,-0.5,0,Non-Toxin,0
Seq_782,SRGEEREERGL,0.52,0,0,0.52,Toxin,0.523
Seq_783,NIDNELAMRI,0.125,0,0,0.125,Toxin,0.007
Seq_784,EEAVILPSPK,0.28,0,0,0.28,Toxin,0.209
Seq_785,NAQEPGRRVESEAGL,0.22,0,0,0.22,Toxin,0.131
Seq_786,RERQRELEWERERRQS,0.235,0,0,0.235,Toxin,0.151
Seq_787,AGRTSAIRALPEEVLAT,0.13,0,-0.5,0,Non-Toxin,0
Seq_788,KLPILRYLDMSAEKGHLFPNAL,0.26,0,0,0.26,Toxin,0.183
Seq_789,QSENDHRRSIVRVE,0.25,0,0,0.25,Toxin,0.17
Seq_790,SGGPISLKSERPSYSNQFGQFF,0.22,0,-0.5,0,Non-Toxin,0
Seq_791,IFSGFDEEFLADSF,0.14,0,0,0.14,Toxin,0.026
Seq_792,IEDPFDQDDWEHY,0.155,0,0,0.155,Toxin,0.046
Seq_793,AQEPGRRVESEAGLS,0.195,0,-0.5,0,Non-Toxin,0
Seq_794,SLNSFNLPILRY,0.51,0,0,0.51,Toxin,0.51
Seq_795,SAIRAIPEEVLANAF,0.205,0,-0.5,0,Non-Toxin,0
Seq_796,NIFSGFSEELLA,0.26,0,-0.5,0,Non-Toxin,0
Seq_797,SLNSFNLPILRYIQ,0.41,0,0,0.41,Toxin,0.379
Seq_798,EPGRRVESEAGLS,0.145,0,-0.5,0,Non-Toxin,0
Seq_799,RNQDQEFFFPGPSRQPEEGGRAF,0.12,0,0,0.12,Toxin,0
Seq_800,AMPIDVLTNSFQMSPREAQNL,0.16,0,0,0.16,Toxin,0.053
Seq_801,SGSNIFSGFDEEFLADSF,0.105,0,0,0.105,Toxin,0
Seq_802,STDEYGNVIRR,0.3,0,0,0.3,Toxin,0.235
Seq_803,GGEPRDGQSGQGGSR,0.085,0,-0.5,0,Non-Toxin,0
Seq_804,SRTGPLEFFGF,0.27,0,-0.5,0,Non-Toxin,0
Seq_805,QSNHDQRRGIVRVE,0.145,0,-0.5,0,Non-Toxin,0
Seq_806,IVDDNGNNVFDER,0.17,0,0,0.17,Toxin,0.066
Seq_807,DGNEELVAF,0.17,0,-0.5,0,Non-Toxin,0
Seq_808,ELWEESEDEFQ,0.405,0,0,0.405,Toxin,0.373
Seq_809,QSNHDQRRGIVRVEGNLQ,0.145,0,-0.5,0,Non-Toxin,0
Seq_810,PDDEFRPQ,0.345,0,0,0.345,Toxin,0.294
Seq_811,ALAGRLSTMRALPEDVLIN,0.2,0,-0.5,0,Non-Toxin,0
Seq_812,DQNPRNFYLAGNPDDEFRPQ,0.185,0,0,0.185,Toxin,0.085
Seq_813,IRGNARLQ,0.195,0,0,0.195,Toxin,0.098
Seq_814,SRGEEREERGWDRD,0.39,0,0,0.39,Toxin,0.353
Seq_815,SLILPSYQPTPSLVYIEQGEGLL,0.115,0,-0.5,0,Non-Toxin,0
Seq_816,SQNLPILRWLQ,0.45,0,0,0.45,Toxin,0.432
Seq_817,TVNSHTLPVLRW,0.325,0,-0.5,0,Non-Toxin,0
Seq_818,HWIYNDGESQ,0.105,0,0,0.105,Toxin,0
Seq_819,AVIDLSNHANQLDRRFR,0.16,0,-0.5,0,Non-Toxin,0
Seq_820,NFPAREVEKIFR,0.225,0,0,0.225,Toxin,0.137
Seq_821,RLQEDDNRRGVIVK,0.2,0,-0.5,0,Non-Toxin,0
Seq_822,IYNDGESQLIVM,0.08,0,-0.5,0,Non-Toxin,0
Seq_823,SDALYVPHWNLNAHSV,0.22,0,-0.5,0,Non-Toxin,0
Seq_824,GVAHWSYNDGSNPVVA,0.17,0,-0.5,0,Non-Toxin,0
Seq_825,QRGSSNNVFSGFDAEFL,0.14,0,-0.5,0,Non-Toxin,0
Seq_826,GAAHWSYNDGNEELVAF,0.145,0,-0.5,0,Non-Toxin,0
Seq_827,ELEWERERRQ,0.39,0,0,0.39,Toxin,0.353
Seq_828,AVIDLSNHANQLDRRFRSF,0.18,0,-0.5,0,Non-Toxin,0
Seq_829,SQQSGSNIFSGFDEEFLADSF,0.1,0,0,0.1,Non-Toxin,0
Seq_830,NEGFEWVSF,0.14,0,0,0.14,Toxin,0.026
Seq_831,SAPRKRLADITNLQ,0.155,0,0,0.155,Toxin,0.046
Seq_832,GFGINGENNQRNFLAGQN,0.18,0,0,0.18,Toxin,0.079
Seq_833,SQNENLRLLGFGINGENNQRNFLA,0.155,0,-0.5,0,Non-Toxin,0
Seq_834,ISLLDTNNNANQLDQNPRNF,0.185,0,-0.5,0,Non-Toxin,0
Seq_835,RLQEDDNRR,0.215,0,0,0.215,Toxin,0.124
Seq_836,SRGREEEQQRHNPY,0.285,0,0,0.285,Toxin,0.216
Seq_837,DQEFFFPGPSRQPEEGG,0.12,0,0,0.12,Toxin,0
Seq_838,PGQFREYYAAGAKSPDQSYLRVF,0.155,0,-0.5,0,Non-Toxin,0
Seq_839,GREEEQQRHNPY,0.35,0,0,0.35,Toxin,0.301
Seq_840,MRPDEDEQEGQRQL,0.11,0,0,0.11,Toxin,0
Seq_841,RERQRELEWERER,0.335,0,0,0.335,Toxin,0.281
Seq_842,WSREEQELEDRRERQRELEWE,0.41,0,0,0.41,Toxin,0.379
Seq_843,LVPVSDVIRVR,0.195,0,-0.5,0,Non-Toxin,0
Seq_844,SDALYVPHWNLNAHSVVY,0.195,0,-0.5,0,Non-Toxin,0
Seq_845,GSFQNIFSGFSEELLAEAY,0.155,0,-0.5,0,Non-Toxin,0
Seq_846,KVTARLARGDIFVIPA,0.13,0,0,0.13,Toxin,0.013
Seq_847,TVFDDELREGQ,0.16,0,0,0.16,Toxin,0.053
Seq_848,TVNSQNLPILRW,0.345,0,0,0.345,Toxin,0.294
Seq_849,RGLGNNVFSGFDADFLADAF,0.155,0,-0.5,0,Non-Toxin,0
Seq_850,FLAGQNNIINQLEREAKEL,0.3,0,0,0.3,Toxin,0.235
Seq_851,LDMSAEKGHLFPN,0.225,0,0,0.225,Toxin,0.137
Seq_852,YDTSNQANQLDENARRF,0.095,0,0,0.095,Non-Toxin,0
Seq_853,IRPDEDRQEGQ,0.185,0,0,0.185,Toxin,0.085
Seq_854,TVNSHTLPVLRWLQ,0.305,0,-0.5,0,Non-Toxin,0
Seq_855,GYEEEELGGEREEENPYVF,0.435,0,0,0.435,Toxin,0.412
Seq_856,QLSAERGALYSDAL,0.12,0,-0.5,0,Non-Toxin,0
Seq_857,HWSYNDGSNPVVAI,0.19,0,-0.5,0,Non-Toxin,0
Seq_858,SLPEFSLPDLPYDY,0.43,0,-0.5,0,Non-Toxin,0
Seq_859,SESDFVSRQ,0.225,0,0,0.225,Toxin,0.137
Seq_860,GNQGFEWVAF,0.23,0,0,0.23,Toxin,0.144
Seq_861,GDIFVIPAGHPIAITA,0.21,0,0,0.21,Toxin,0.118
Seq_862,WSREEQELED,0.46,0,0,0.46,Toxin,0.445
Seq_863,EQRGSFQNIFSGFSEELLAEAY,0.135,0,-0.5,0,Non-Toxin,0
Seq_864,LLPSFSNAPRL,0.445,0,-0.5,0,Non-Toxin,0
Seq_865,RLRENIGDPSRADIY,0.12,0,0,0.12,Toxin,0
Seq_866,YNDGDTPVVT,0.11,0,0,0.11,Toxin,0
Seq_867,DNGDNVFDER,0.225,0,0,0.225,Toxin,0.137
Seq_868,SYNDGSNPVVAISL,0.115,0,-0.5,0,Non-Toxin,0
Seq_869,SLFSGFSEELLAEAY,0.2,0,-0.5,0,Non-Toxin,0
Seq_870,SREEQELEDR,0.44,0,0,0.44,Toxin,0.418
Seq_871,QEPGRRVESEAGLS,0.195,0,-0.5,0,Non-Toxin,0
Seq_872,REYYAAGAKSPDQSYLRVF,0.195,0,0,0.195,Toxin,0.098
Seq_873,NNIVNEFEKEAKEL,0.23,0,0,0.23,Toxin,0.144
Seq_874,QRGLGNNVFSGFDADFLADAF,0.135,0,-0.5,0,Non-Toxin,0
Seq_875,GEEREERGLD,0.48,0,0,0.48,Toxin,0.471
Seq_876,GVAHWSYNDGSNPVVAI,0.175,0,-0.5,0,Non-Toxin,0
Seq_877,WSMTDNRVVYVL,0.195,0,0,0.195,Toxin,0.098
Seq_878,AGGEPRDGQSGQGGSR,0.095,0,-0.5,0,Non-Toxin,0
Seq_879,RWLQLSAERGALYSDAL,0.15,0,-0.5,0,Non-Toxin,0
Seq_880,FIVGPIPIDDGVGK,0.335,0,0,0.335,Toxin,0.281
Seq_881,AGNPDDEFRQE,0.26,0,0,0.26,Toxin,0.183
Seq_882,GEEREERGWDRD,0.435,0,0,0.435,Toxin,0.412
Seq_883,QIVDDNGDNVFDER,0.15,0,0,0.15,Toxin,0.039
Seq_884,WSREEQEREERKERERERESESERR,0.305,0,0,0.305,Toxin,0.242
Seq_885,QGFEWVAFKT,0.245,0,0,0.245,Toxin,0.164
Seq_886,VINQDSNERLEMVKLLQPVNNPGQF,0.135,0,-0.5,0,Non-Toxin,0
Seq_887,GFDEEFLADSF,0.17,0,0,0.17,Toxin,0.066
Seq_888,RATGEGFEWVSFKT,0.15,0,0,0.15,Toxin,0.039
Seq_889,AGNQGFEWVAFK,0.255,0,0,0.255,Toxin,0.177
Seq_890,GEGFEWVSFKTNENAMISPLAGRTS,0.135,0,0,0.135,Toxin,0.02
Seq_891,NIFSGFSEELLAE,0.225,0,-0.5,0,Non-Toxin,0
Seq_892,RLRENIGDPSRADIYTEQAGRIS,0.14,0,0,0.14,Toxin,0.026
Seq_893,RPVSVPGHFEAFHGSGGEDPESF,0.13,0,-0.5,0,Non-Toxin,0
Seq_894,GQNVFDGEIREGQAL,0.185,0,0,0.185,Toxin,0.085
Seq_895,QQSQRPDLQPR,0.135,0,0,0.135,Toxin,0.02
Seq_896,YNDGDTPVVTV,0.105,0,0,0.105,Toxin,0
Seq_897,SQNLPILRWL,0.53,0,0,0.53,Toxin,0.536
Seq_898,ELEWERERRQSRRTGGRFD,0.19,0,0,0.19,Toxin,0.092
Seq_899,GRREQEEEESTGR,0.315,0,0,0.315,Toxin,0.255
Seq_900,SSDFERIILL,0.215,0,-0.5,0,Non-Toxin,0
Seq_901,QGRERGPEASPR,0.235,0,0,0.235,Toxin,0.151
Seq_902,VINQDSNERLEMVKL,0.17,0,0,0.17,Toxin,0.066
Seq_903,GNQGFEWVAFK,0.285,0,0,0.285,Toxin,0.216
Seq_904,SFQNIFSGFSEELLAEAY,0.15,0,-0.5,0,Non-Toxin,0
Seq_905,RELEWERERRQSR,0.305,0,0,0.305,Toxin,0.242
Seq_906,AVIDLSNHANQLDRRFRSFLLA,0.2,0,-0.5,0,Non-Toxin,0
Seq_907,WSYNDGSNPVVAISL,0.175,0,-0.5,0,Non-Toxin,0
Seq_908,GGEDPESFYRAF,0.125,0,0,0.125,Toxin,0.007
Seq_909,EPSNRIEAEAGVIE,0.17,0,-0.5,0,Non-Toxin,0
Seq_910,SRGEEREERGLDR,0.405,0,0,0.405,Toxin,0.373
Seq_911,DENARRFYLA,0.17,0,0,0.17,Toxin,0.066
Seq_912,REEQELEDR,0.435,0,0,0.435,Toxin,0.412
Seq_913,MESYFVPTERQSRRG,0.16,0,-0.5,0,Non-Toxin,0
Seq_914,NWILPEMPGL,0.355,0,0,0.355,Toxin,0.307
Seq_915,QSNHDQRRGIV,0.245,0,-0.5,0,Non-Toxin,0
Seq_916,IVNQHKLPILRYLDMSAEKGHLFPN,0.175,0,0,0.175,Toxin,0.072
Seq_917,MESYFVPTERQSRR,0.175,0,-0.5,0,Non-Toxin,0
Seq_918,GQNVFDGEIREG,0.225,0,0,0.225,Toxin,0.137
Seq_919,VVGENGQNVFDGEVR,0.155,0,-0.5,0,Non-Toxin,0
Seq_920,ILYDTSNQANQLDENARRF,0.1,0,0,0.1,Non-Toxin,0
Seq_921,GVAHWSYNDGNEELVAFA,0.125,0,-0.5,0,Non-Toxin,0
Seq_922,GIIDEVIDERPV,0.26,0,-0.5,0,Non-Toxin,0
Seq_923,SIRSRHESEEGEVK,0.185,0,0,0.185,Toxin,0.085
Seq_924,GRREQEEEESTGRFQ,0.3,0,0,0.3,Toxin,0.235
Seq_925,ERKVRDDLEVSLPKPYLPR,0.18,0,-0.5,0,Non-Toxin,0
Seq_926,TVNSHTLPVLRWL,0.355,0,-0.5,0,Non-Toxin,0
Seq_927,QDSNERLEMV,0.12,0,0,0.12,Toxin,0
Seq_928,EPSNRIEAEAG,0.125,0,0,0.125,Toxin,0.007
Seq_929,GREEEQQRHNPYYFHSQ,0.225,0,0,0.225,Toxin,0.137
Seq_930,QMSPREAQNLKHNRGHQSFLL,0.265,0,-0.5,0,Non-Toxin,0
Seq_931,KLLQPVNNPGQF,0.255,0,-0.5,0,Non-Toxin,0
Seq_932,AGNPDDEFRPQ,0.24,0,0,0.24,Toxin,0.157
Seq_933,GLLLPSFSNAPRLV,0.405,0,-0.5,0,Non-Toxin,0
Seq_934,LQPVNNPGQFREYYAAGAK,0.23,0,-0.5,0,Non-Toxin,0
Seq_935,SSGGPISLKSERPSYSNQFGQFF,0.22,0,-0.5,0,Non-Toxin,0
Seq_936,FSLPDLPYDY,0.475,0,-0.5,0,Non-Toxin,0
Seq_937,SERPSYSNQ,0.235,0,0,0.235,Toxin,0.151
Seq_938,GENGQNVFDGEIR,0.24,0,0,0.24,Toxin,0.157
Seq_939,TDNRVVYVLRGDARVQ,0.09,0,0,0.09,Non-Toxin,0
Seq_940,ERDLEDEFRVF,0.255,0,0,0.255,Toxin,0.177
Seq_941,LYTPHWSMTDNRVVYVL,0.23,0,0,0.23,Toxin,0.144
Seq_942,WSREEQELE,0.505,0,0,0.505,Toxin,0.503
Seq_943,LDTQTESDVF,0.135,0,0,0.135,Toxin,0.02
Seq_944,GTPVYLINRDENEKLYIV,0.19,0,-0.5,0,Non-Toxin,0
Seq_945,TSGQPMKSPMAGYTS,0.13,0,0,0.13,Toxin,0.013
Seq_946,AFNFPAREVEKIFR,0.185,0,0,0.185,Toxin,0.085
Seq_947,TVNSQNLPILR,0.32,0,0,0.32,Toxin,0.262
Seq_948,RLRENIGDPSRADIYTEEAGRIS,0.18,0,0,0.18,Toxin,0.079
Seq_949,PDDEFRQE,0.32,0,0,0.32,Toxin,0.262
Seq_950,LQVVGENGQNVFDGEIR,0.19,0,-0.5,0,Non-Toxin,0
Seq_951,RGAMMVPHYNSKATVV,0.15,0,0,0.15,Toxin,0.039
Seq_952,FNGFDEEFLAE,0.32,0,-0.5,0,Non-Toxin,0
Seq_953,DRRFRSFLLAGGEPRDGQSGQ,0.11,0,-0.5,0,Non-Toxin,0
Seq_954,NLPILRWLQL,0.44,0,0,0.44,Toxin,0.418
Seq_955,GNNVFSGFDADFLADAF,0.145,0,0,0.145,Toxin,0.033
Seq_956,GIEYDEQDNYVVIK,0.18,0,0,0.18,Toxin,0.079
Seq_957,RERQRELEWER,0.365,0,0,0.365,Toxin,0.32
Seq_958,SNIFSGFDEEFLADSF,0.12,0,0,0.12,Toxin,0
Seq_959,VINQDSNERLEM,0.15,0,0,0.15,Toxin,0.039
Seq_960,TNSFQMSPREAQNL,0.16,0,0,0.16,Toxin,0.053
Seq_961,IFVIPAGHPIAITA,0.285,0,0,0.285,Toxin,0.216
Seq_962,FNFPAREVEKIF,0.235,0,0,0.235,Toxin,0.151
Seq_963,VLEKFTKRSKLLRGIENF,0.245,0,0,0.245,Toxin,0.164
Seq_964,ELLEGKPLPGVL,0.41,0,-0.5,0,Non-Toxin,0
Seq_965,VIDLSNHANQLDRRFRSFLL,0.215,0,-0.5,0,Non-Toxin,0
Seq_966,WTLDPAERDAFLA,0.2,0,-0.5,0,Non-Toxin,0
Seq_967,VVRRTIEPNGLLLPQYSNAPQLLY,0.145,0,-0.5,0,Non-Toxin,0
Seq_968,GRTSAIRAIPEEVLANAF,0.215,0,-0.5,0,Non-Toxin,0
Seq_969,LQEDDNRRGVIV,0.21,0,-0.5,0,Non-Toxin,0
Seq_970,VVGENGQNVFDGEIRE,0.165,0,-0.5,0,Non-Toxin,0
Seq_971,FIGGGKYPTSVLAGFERETLSNAF,0.22,0,-0.5,0,Non-Toxin,0
Seq_972,GFEWVSFKTNENAMISPLAGRTS,0.175,0,0,0.175,Toxin,0.072
Seq_973,ARAGNNGFEYVTIK,0.205,0,0,0.205,Toxin,0.111
Seq_974,LLPSFSNAPRLV,0.35,0,-0.5,0,Non-Toxin,0
Seq_975,DQEFFFPGPSRQPEEGGRAF,0.175,0,0,0.175,Toxin,0.072
Seq_976,QRGSSNNVFSGFDAEFLAD,0.125,0,-0.5,0,Non-Toxin,0
Seq_977,SIDPSESLGIGTF,0.155,0,-0.5,0,Non-Toxin,0
Seq_978,ERFTERTELL,0.135,0,-0.5,0,Non-Toxin,0
Seq_979,GLLLPSFSNAPRL,0.47,0,-0.5,0,Non-Toxin,0
Seq_980,YTPHWSMTDNRVVYV,0.2,0,0,0.2,Toxin,0.105
Seq_981,TVNSQNLPILRWLQL,0.235,0,0,0.235,Toxin,0.151
Seq_982,SAERGALYSDALYVPHWNLNAH,0.22,0,-0.5,0,Non-Toxin,0
Seq_983,MLPHHKDAESVAVVTRGRATL,0.24,0,-0.5,0,Non-Toxin,0
Seq_984,NRDDQRGRIV,0.335,0,0,0.335,Toxin,0.281
Seq_985,GSSNNVFSGFDAEFLADAF,0.135,0,-0.5,0,Non-Toxin,0
Seq_986,IDNELAMRIQ,0.13,0,0,0.13,Toxin,0.013
Seq_987,GEEREERGLDR,0.44,0,0,0.44,Toxin,0.418
Seq_988,ESETSQDLSRR,0.14,0,0,0.14,Toxin,0.026
Seq_989,INRDENEKLY,0.28,0,-0.5,0,Non-Toxin,0
Seq_990,AERGALYSDALYVPHWNLNAHSVVY,0.175,0,-0.5,0,Non-Toxin,0
Seq_991,QSFFIGGGKYPTSVLA,0.23,0,-0.5,0,Non-Toxin,0
Seq_992,LAGNPDDEFRQE,0.235,0,0,0.235,Toxin,0.151
Seq_993,LAGNPDDEFRPQ,0.21,0,0,0.21,Toxin,0.118
Seq_994,HNLDTQTESDVF,0.15,0,0,0.15,Toxin,0.039
Seq_995,IQRRGLLLPSFSNAPRLVY,0.245,0,-0.5,0,Non-Toxin,0
Seq_996,FNMPREEIEEIF,0.37,0,0,0.37,Toxin,0.327
Seq_997,YLAGNPHQQQQGGRQR,0.265,0,0,0.265,Toxin,0.19
Seq_998,RGREEEQQRHNPYYFHSQ,0.23,0,0,0.23,Toxin,0.144
Seq_999,RERSQQSGSNIFSGFDEEFLADSF,0.075,0,0,0.075,Non-Toxin,0
Seq_1000,LLQPVNNPGQFREYYAAGAK,0.235,0,-0.5,0,Non-Toxin,0
Seq_1001,FSLPEFSLPDLPY,0.415,0,-0.5,0,Non-Toxin,0
Seq_1002,AQEEAVILPSPK,0.18,0,0,0.18,Toxin,0.079
Seq_1003,TVNSHTLPVLRWLQL,0.255,0,-0.5,0,Non-Toxin,0
Seq_1004,MLPHHKDAESVAVVTRGRATLTL,0.245,0,-0.5,0,Non-Toxin,0
Seq_1005,QRDRHQKIR,0.365,0,-0.5,0,Non-Toxin,0
Seq_1006,QRGLGNNVFSGF,0.185,0,-0.5,0,Non-Toxin,0
Seq_1007,QQRQQRPGEHGQQQ,0.195,0,0,0.195,Toxin,0.098
Seq_1008,VIPQFYATTARAGNNGFEYVTIK,0.215,0,0,0.215,Toxin,0.124
Seq_1009,KVELDRSGPF,0.19,0,0,0.19,Toxin,0.092
Seq_1010,ATDISDGIR,0.135,0,0,0.135,Toxin,0.02
Seq_1011,LQEDDNRRGVIVK,0.185,0,-0.5,0,Non-Toxin,0
Seq_1012,TVREEKRENFNVE,0.195,0,0,0.195,Toxin,0.098
Seq_1013,VALEPSNRIEAEAG,0.105,0,-0.5,0,Non-Toxin,0
Seq_1014,QDSNERLEM,0.115,0,0,0.115,Toxin,0
Seq_1015,QSPEERERSQQS,0.15,0,0,0.15,Toxin,0.039
Seq_1016,SRSQSPEERERSQQS,0.155,0,0,0.155,Toxin,0.046
Seq_1017,SRSQSPEERERSQ,0.15,0,0,0.15,Toxin,0.039
Seq_1018,IFIRRGEAKIGLIY,0.285,0,-0.5,0,Non-Toxin,0
Seq_1019,SQNENLRLLGFGIN,0.22,0,-0.5,0,Non-Toxin,0
Seq_1020,RNQDQEFFFPGPSRQPEEGG,0.09,0,0,0.09,Non-Toxin,0
Seq_1021,WSREEQEREERKERE,0.375,0,0,0.375,Toxin,0.334
Seq_1022,RWSREEQELEDR,0.42,0,0,0.42,Toxin,0.392
Seq_1023,EDDNRRGVIVK,0.245,0,-0.5,0,Non-Toxin,0
Seq_1024,NAQEPGRRVESEAGLS,0.225,0,-0.5,0,Non-Toxin,0
Seq_1025,VYALRGRAEVQ,0.16,0,-0.5,0,Non-Toxin,0
Seq_1026,SSNNVFSGFDAEFLADAF,0.15,0,0,0.15,Toxin,0.039
Seq_1027,ESETSQDLSRRR,0.135,0,0,0.135,Toxin,0.02
Seq_1028,QRPGEHGQQQ,0.275,0,0,0.275,Toxin,0.203
Seq_1029,FFDQQEQREGVIIRA,0.075,0,0,0.075,Non-Toxin,0
Seq_1030,MYQAGQLLPLLTEAGAIAN,0.11,0,0,0.11,Toxin,0
Seq_1031,YNDGSNPVVA,0.135,0,-0.5,0,Non-Toxin,0
Seq_1032,RHGEPGQQQRGSSNNVFSGF,0.13,0,-0.5,0,Non-Toxin,0
Seq_1033,SQRPDLQPR,0.165,0,0,0.165,Toxin,0.059
Seq_1034,FDQQEQREGVIIR,0.1,0,0,0.1,Non-Toxin,0
Seq_1035,DSNERLEM,0.185,0,0,0.185,Toxin,0.085
Seq_1036,DGESQLIVMIL,0.16,0,-0.5,0,Non-Toxin,0
Seq_1037,KDELGERRLKTGDLYRIPAGSAF,0.135,0,0,0.135,Toxin,0.02
Seq_1038,VLRGDARVQ,0.125,0,0,0.125,Toxin,0.007
Seq_1039,NVFSGFDAEFLADAF,0.18,0,0,0.18,Toxin,0.079
Seq_1040,RGSSNNVFSGFDAEFLADAF,0.16,0,-0.5,0,Non-Toxin,0
Seq_1041,EREERGLDRD,0.335,0,0,0.335,Toxin,0.281
Seq_1042,GVSEDKLQRF,0.205,0,0,0.205,Toxin,0.111
Seq_1043,AERGALYSDALYVPHWNLNAH,0.24,0,-0.5,0,Non-Toxin,0
Seq_1044,TFISPAHFDAELVVF,0.15,0,-0.5,0,Non-Toxin,0
Seq_1045,QSGSNIFSGFDEEFLADSF,0.11,0,0,0.11,Toxin,0
Seq_1046,EQEEEESTGRFQ,0.3,0,0,0.3,Toxin,0.235
Seq_1047,SLNSFNLPILRYIQLS,0.285,0,0,0.285,Toxin,0.216
Seq_1048,EDEDFETRVRTDEGRIQ,0.105,0,0,0.105,Toxin,0
Seq_1049,SPQSRGEEREERGLDRD,0.23,0,0,0.23,Toxin,0.144
Seq_1050,AGRTSAIRAIPEEVLAN,0.125,0,-0.5,0,Non-Toxin,0
Seq_1051,GFEEIESPDFVEFK,0.12,0,0,0.12,Toxin,0
Seq_1052,MRPDEDEQE,0.27,0,0,0.27,Toxin,0.196
Seq_1053,EWVSFKTNENAMISPLAGRTS,0.215,0,0,0.215,Toxin,0.124
Seq_1054,TGEGFEWVSFK,0.135,0,0,0.135,Toxin,0.02
Seq_1055,ALMDTTNNANQLDQNPRNF,0.1,0,0,0.1,Non-Toxin,0
Seq_1056,HWSYNDGSNPVVA,0.195,0,-0.5,0,Non-Toxin,0
Seq_1057,NQDQEFFFPGPS,0.115,0,0,0.115,Toxin,0
Seq_1058,QGLRGEEMEEMVQ,0.355,0,0,0.355,Toxin,0.307
Seq_1059,DQEFFFPGPSRQPEE,0.145,0,0,0.145,Toxin,0.033
Seq_1060,SVIRAMPIDVLTNSF,0.18,0,0,0.18,Toxin,0.079
Seq_1061,GGSRQEERQEQR,0.145,0,-0.5,0,Non-Toxin,0
Seq_1062,EESQQGQSRIRPS,0.145,0,0,0.145,Toxin,0.033
Seq_1063,SFQRDRHQKIRHF,0.29,0,-0.5,0,Non-Toxin,0
Seq_1064,MRPDEDEQEGQR,0.145,0,0,0.145,Toxin,0.033
Seq_1065,KTNENAMVSPL,0.245,0,0,0.245,Toxin,0.164
Seq_1066,GQNVFDGEIRE,0.23,0,0,0.23,Toxin,0.144
Seq_1067,SESDFVSR,0.215,0,0,0.215,Toxin,0.124
Seq_1068,LQEDDSQRGIIV,0.175,0,-0.5,0,Non-Toxin,0
Seq_1069,SDALYVPHWNLNAH,0.26,0,-0.5,0,Non-Toxin,0
Seq_1070,ALYSDALYVPHWNLNAH,0.26,0,-0.5,0,Non-Toxin,0
Seq_1071,IQNRDDQRGIIVT,0.165,0,-0.5,0,Non-Toxin,0
Seq_1072,YAEIKRGAMMVPHYN,0.26,0,0,0.26,Toxin,0.183
Seq_1073,LDTNNNANQLDQNPRNF,0.135,0,0,0.135,Toxin,0.02
Seq_1074,SRGEEREERG,0.545,0,0,0.545,Toxin,0.556
Seq_1075,EAFHGSGGED,0.13,0,-0.5,0,Non-Toxin,0
Seq_1076,FTELNPIGYVPVL,0.155,0,0,0.155,Toxin,0.046
Seq_1077,SLNSFNLPILRYIQL,0.31,0,0,0.31,Toxin,0.249
Seq_1078,KYNRDETTLFSSDSSGSPRRRD,0.2,0,0,0.2,Toxin,0.105
Seq_1079,SFQMSPREAQ,0.11,0,0,0.11,Toxin,0
Seq_1080,GINGENNQRNFLA,0.2,0,0,0.2,Toxin,0.105
Seq_1081,ALYTPHWSMTDNRVVYVLRGDARVQ,0.155,0,0,0.155,Toxin,0.046
Seq_1082,HGSGGEDPESFYR,0.095,0,-0.5,0,Non-Toxin,0
Seq_1083,PRDPEQRYEQ,0.11,0,0,0.11,Toxin,0
Seq_1084,DTTNNANQLDQNPRNF,0.12,0,0,0.12,Toxin,0
Seq_1085,AERGVLYR,0.115,0,0,0.115,Toxin,0
Seq_1086,SIRSRHESEEGEVKYLERF,0.195,0,0,0.195,Toxin,0.098
Seq_1087,TVNSHTLPVLR,0.345,0,-0.5,0,Non-Toxin,0
Seq_1088,TVNSQNLPILRWLQLS,0.225,0,0,0.225,Toxin,0.137
Seq_1089,YDTSNQANQL,0.135,0,0,0.135,Toxin,0.02
Seq_1090,DDDLREGQ,0.36,0,0,0.36,Toxin,0.314
Seq_1091,AGGEPRDGQSGQGGSRQ,0.08,0,-0.5,0,Non-Toxin,0
Seq_1092,QQRPGEHGQQQ,0.245,0,0,0.245,Toxin,0.164
Seq_1093,QRELEWERERRQ,0.32,0,0,0.32,Toxin,0.262
Seq_1094,LIDNVEELLPIVY,0.21,0,-0.5,0,Non-Toxin,0
Seq_1095,LLAGGEPRDGQSGQ,0.105,0,-0.5,0,Non-Toxin,0
Seq_1096,RVAILEANPQ,0.175,0,-0.5,0,Non-Toxin,0
Seq_1097,EAFHGSGGEDPESF,0.07,0,-0.5,0,Non-Toxin,0
Seq_1098,PHHDPESHRR,0.205,0,0,0.205,Toxin,0.111
Seq_1099,SHTLPVLRWLQL,0.26,0,-0.5,0,Non-Toxin,0
Seq_1100,SRGREEEQQRHNPYYF,0.25,0,0,0.25,Toxin,0.17
Seq_1101,SQNLPILRWLQL,0.375,0,0,0.375,Toxin,0.334
Seq_1102,NSFNLPILRYIQL,0.345,0,0,0.345,Toxin,0.294
Seq_1103,REQRGSFQNIFSGF,0.1,0,0,0.1,Non-Toxin,0
Seq_1104,EYGNPIRH,0.43,0,0,0.43,Toxin,0.405
Seq_1105,HWSYNDGNEEL,0.21,0,0,0.21,Toxin,0.118
Seq_1106,VIELDEERDGDDIQ,0.125,0,0,0.125,Toxin,0.007
Seq_1107,EEEQQRHNPY,0.35,0,0,0.35,Toxin,0.301
Seq_1108,SNNVFSGFDAEFLADAF,0.185,0,0,0.185,Toxin,0.085
Seq_1109,NELAMRIQ,0.105,0,0,0.105,Toxin,0
Seq_1110,GAKSPDQSYLR,0.22,0,0,0.22,Toxin,0.131
Seq_1111,IINQLEREAKEL,0.3,0,0,0.3,Toxin,0.235
Seq_1112,RVGFQSLFSGFSEELLAEAY,0.15,0,-0.5,0,Non-Toxin,0
Seq_1113,AFNFPAREVEKIFRNQD,0.17,0,0,0.17,Toxin,0.066
Seq_1114,RGEEREERGLDRD,0.385,0,0,0.385,Toxin,0.347
Seq_1115,REQEEEESTGRFQ,0.325,0,0,0.325,Toxin,0.268
Seq_1116,GNPDDEFRQEG,0.245,0,0,0.245,Toxin,0.164
Seq_1117,ESETSQDLSR,0.15,0,0,0.15,Toxin,0.039
Seq_1118,AIRGRAEIQVVDHL,0.2,0,0,0.2,Toxin,0.105
Seq_1119,QAGQLLPLLTEAGAIA,0.15,0,0,0.15,Toxin,0.039
Seq_1120,RVVDSEGGR,0.23,0,0,0.23,Toxin,0.144
Seq_1121,SRGEEREERGWDRDN,0.37,0,0,0.37,Toxin,0.327
Seq_1122,QSESSSQFRGE,0.15,0,-0.5,0,Non-Toxin,0
Seq_1123,SREFQQDRHQKIRHF,0.215,0,-0.5,0,Non-Toxin,0
Seq_1124,IDNVEELLPIVY,0.225,0,-0.5,0,Non-Toxin,0
Seq_1125,GQGRREQEEEESTGRFQ,0.29,0,0,0.29,Toxin,0.222
Seq_1126,ESRGREEEQQRHNPYYFHSQ,0.225,0,0,0.225,Toxin,0.137
Seq_1127,KSERPSYSN,0.2,0,0,0.2,Toxin,0.105
Seq_1128,RGLGNNVFSGFDADF,0.15,0,-0.5,0,Non-Toxin,0
Seq_1129,GRREQEEEESTGRF,0.305,0,0,0.305,Toxin,0.242
Seq_1130,IRPDEDRQEGQR,0.17,0,0,0.17,Toxin,0.066
Seq_1131,GEEREERGLDRDN,0.375,0,0,0.375,Toxin,0.334
Seq_1132,TNDNAKTNPL,0.23,0,0,0.23,Toxin,0.144
Seq_1133,QEEEESTGRFQ,0.3,0,0,0.3,Toxin,0.235
Seq_1134,SFLLAGGEPRDGQSGQGGSR,0.1,0,-0.5,0,Non-Toxin,0
Seq_1135,YLAGNPHQQQQGGRQ,0.29,0,0,0.29,Toxin,0.222
Seq_1136,YLAGNPHQQQQGGRQRRRESWPGSR,0.205,0,0,0.205,Toxin,0.111
Seq_1137,EEREEKEREEREEKEAR,0.435,0,0,0.435,Toxin,0.412
Seq_1138,QSESSSQFR,0.14,0,-0.5,0,Non-Toxin,0
Seq_1139,RIEAEAGVIE,0.225,0,-0.5,0,Non-Toxin,0
Seq_1140,FNMPREEIEEIFE,0.335,0,0,0.335,Toxin,0.281
Seq_1141,YLAGNPDDEFRQE,0.255,0,0,0.255,Toxin,0.177
Seq_1142,SQNLPILR,0.405,0,0,0.405,Toxin,0.373
Seq_1143,DMSAEKGHLFPN,0.255,0,0,0.255,Toxin,0.177
Seq_1144,SERPSYSNQFGQFF,0.165,0,0,0.165,Toxin,0.059
Seq_1145,NQLDQNPRNF,0.125,0,0,0.125,Toxin,0.007
Seq_1146,GVAHWSYNDGSNPVVAIS,0.17,0,-0.5,0,Non-Toxin,0
Seq_1147,NRIEAEAGVIE,0.21,0,-0.5,0,Non-Toxin,0
Seq_1148,FREGDVIAFPA,0.21,0,-0.5,0,Non-Toxin,0
Seq_1149,FFDSDDNGIVYPW,0.28,0,0,0.28,Toxin,0.209
Seq_1150,RYIQLSAERGVLY,0.115,0,-0.5,0,Non-Toxin,0
Seq_1151,NMPREEIEEIF,0.375,0,0,0.375,Toxin,0.334
Seq_1152,YTPHWSMTDN,0.185,0,0,0.185,Toxin,0.085
Seq_1153,HFREGDVIAF,0.235,0,-0.5,0,Non-Toxin,0
Seq_1154,AGGEPRDGQSG,0.13,0,0,0.13,Toxin,0.013
Seq_1155,GINGENNQRNF,0.26,0,0,0.26,Toxin,0.183
Seq_1156,IQLSAERGVLY,0.125,0,-0.5,0,Non-Toxin,0
